kind,panel,detector,budget,attack_strength,matched_mode,matched_budget_band,matched_tol_budget,tiw_cap,matched_tol_tiw,n_trials_total,n_trials_budget,n_trials_joint,n_trials_primary,coverage_budget,coverage_joint,coverage_primary,fae_null_mean_primary,tiw_null_mean_primary,false_alert_events_count_mean_primary,detect_rate,detect_rate_null,uplift_detect_rate,event_success_rate,event_timely_sla_rate,event_anywarn_success_rate,event_anywarn_timely_sla_rate,event_preexisting_warning_rate,contract_pass_full_rate,contract_pass_full_anywarn_rate,event_sla_months,median_delay,median_delay_null,delay_p50,delay_p90,delay_null_p50,delay_null_p90,event_delay_p50,event_delay_p90,event_time_to_trigger_p50,event_time_to_trigger_p90,median_delay_uncens,median_delay_null_uncens,mean_false_alarm_months_per_year,mean_false_alert_events_per_year,mean_time_in_warning,mean_p_star,mean_effect_size,mean_fae_null,mean_tiw_null,mean_cad_win,mean_cad_post,mean_dtiw_win,mean_abs_dtiw_win,mean_dtiw_post,row_status,infeasible_reason
corr_mix,all_only,T2,INFEASIBLE,0.0,budget_only,count,INFEASIBLE,INFEASIBLE,INFEASIBLE,INFEASIBLE,INFEASIBLE,INFEASIBLE,INFEASIBLE,INFEASIBLE,INFEASIBLE,INFEASIBLE,INFEASIBLE,INFEASIBLE,INFEASIBLE,INFEASIBLE,INFEASIBLE,INFEASIBLE,INFEASIBLE,INFEASIBLE,INFEASIBLE,INFEASIBLE,INFEASIBLE,INFEASIBLE,INFEASIBLE,,INFEASIBLE,INFEASIBLE,INFEASIBLE,INFEASIBLE,INFEASIBLE,INFEASIBLE,INFEASIBLE,INFEASIBLE,INFEASIBLE,INFEASIBLE,INFEASIBLE,INFEASIBLE,INFEASIBLE,INFEASIBLE,INFEASIBLE,INFEASIBLE,INFEASIBLE,INFEASIBLE,INFEASIBLE,INFEASIBLE,INFEASIBLE,INFEASIBLE,INFEASIBLE,INFEASIBLE,INFEASIBLE,no_trials_in_band
corr_mix,all_only,cusum_factor_cov_lrt,1.0,0.0,budget_only,count,0.1,0.15,0.1,30,30,0,30,1.0,0.0,1.0,0.9517241379310346,0.282183908045977,4.6,0.6333333333333333,0.6333333333333333,0.0,0.9,0.6,0.9,0.6,0.3333333333333333,0.0,0.0,1.0,4.5,4.5,4.5,6.0,4.5,6.0,1.0,5.100000000000001,4.5,6.0,2.0,2.0,3.386206896551724,0.9517241379310346,0.282183908045977,NA,0.5566980961176456,0.9517241379310346,0.282183908045977,0.0,0.0,0.0,0.0,0.0,OK,
corr_mix,all_only,ewma_factor_cov_lrt,INFEASIBLE,0.0,budget_only,count,INFEASIBLE,INFEASIBLE,INFEASIBLE,INFEASIBLE,INFEASIBLE,INFEASIBLE,INFEASIBLE,INFEASIBLE,INFEASIBLE,INFEASIBLE,INFEASIBLE,INFEASIBLE,INFEASIBLE,INFEASIBLE,INFEASIBLE,INFEASIBLE,INFEASIBLE,INFEASIBLE,INFEASIBLE,INFEASIBLE,INFEASIBLE,INFEASIBLE,INFEASIBLE,,INFEASIBLE,INFEASIBLE,INFEASIBLE,INFEASIBLE,INFEASIBLE,INFEASIBLE,INFEASIBLE,INFEASIBLE,INFEASIBLE,INFEASIBLE,INFEASIBLE,INFEASIBLE,INFEASIBLE,INFEASIBLE,INFEASIBLE,INFEASIBLE,INFEASIBLE,INFEASIBLE,INFEASIBLE,INFEASIBLE,INFEASIBLE,INFEASIBLE,INFEASIBLE,INFEASIBLE,INFEASIBLE,no_trials_in_band
corr_mix,all_only,factor_cov_change,INFEASIBLE,0.0,budget_only,count,INFEASIBLE,INFEASIBLE,INFEASIBLE,INFEASIBLE,INFEASIBLE,INFEASIBLE,INFEASIBLE,INFEASIBLE,INFEASIBLE,INFEASIBLE,INFEASIBLE,INFEASIBLE,INFEASIBLE,INFEASIBLE,INFEASIBLE,INFEASIBLE,INFEASIBLE,INFEASIBLE,INFEASIBLE,INFEASIBLE,INFEASIBLE,INFEASIBLE,INFEASIBLE,,INFEASIBLE,INFEASIBLE,INFEASIBLE,INFEASIBLE,INFEASIBLE,INFEASIBLE,INFEASIBLE,INFEASIBLE,INFEASIBLE,INFEASIBLE,INFEASIBLE,INFEASIBLE,INFEASIBLE,INFEASIBLE,INFEASIBLE,INFEASIBLE,INFEASIBLE,INFEASIBLE,INFEASIBLE,INFEASIBLE,INFEASIBLE,INFEASIBLE,INFEASIBLE,INFEASIBLE,INFEASIBLE,no_trials_in_band
corr_mix,all_only,factor_cov_delta,INFEASIBLE,0.0,budget_only,count,INFEASIBLE,INFEASIBLE,INFEASIBLE,INFEASIBLE,INFEASIBLE,INFEASIBLE,INFEASIBLE,INFEASIBLE,INFEASIBLE,INFEASIBLE,INFEASIBLE,INFEASIBLE,INFEASIBLE,INFEASIBLE,INFEASIBLE,INFEASIBLE,INFEASIBLE,INFEASIBLE,INFEASIBLE,INFEASIBLE,INFEASIBLE,INFEASIBLE,INFEASIBLE,,INFEASIBLE,INFEASIBLE,INFEASIBLE,INFEASIBLE,INFEASIBLE,INFEASIBLE,INFEASIBLE,INFEASIBLE,INFEASIBLE,INFEASIBLE,INFEASIBLE,INFEASIBLE,INFEASIBLE,INFEASIBLE,INFEASIBLE,INFEASIBLE,INFEASIBLE,INFEASIBLE,INFEASIBLE,INFEASIBLE,INFEASIBLE,INFEASIBLE,INFEASIBLE,INFEASIBLE,INFEASIBLE,no_trials_in_band
corr_mix,all_only,factor_cov_lrt,INFEASIBLE,0.0,budget_only,count,INFEASIBLE,INFEASIBLE,INFEASIBLE,INFEASIBLE,INFEASIBLE,INFEASIBLE,INFEASIBLE,INFEASIBLE,INFEASIBLE,INFEASIBLE,INFEASIBLE,INFEASIBLE,INFEASIBLE,INFEASIBLE,INFEASIBLE,INFEASIBLE,INFEASIBLE,INFEASIBLE,INFEASIBLE,INFEASIBLE,INFEASIBLE,INFEASIBLE,INFEASIBLE,,INFEASIBLE,INFEASIBLE,INFEASIBLE,INFEASIBLE,INFEASIBLE,INFEASIBLE,INFEASIBLE,INFEASIBLE,INFEASIBLE,INFEASIBLE,INFEASIBLE,INFEASIBLE,INFEASIBLE,INFEASIBLE,INFEASIBLE,INFEASIBLE,INFEASIBLE,INFEASIBLE,INFEASIBLE,INFEASIBLE,INFEASIBLE,INFEASIBLE,INFEASIBLE,INFEASIBLE,INFEASIBLE,no_trials_in_band
corr_mix,all_only,factor_cov_lrt_delta,1.0,0.0,budget_only,count,0.1,0.15,0.1,30,21,21,21,0.7,0.7,0.7,0.8275862068965518,0.13546798029556648,4.0,0.0,0.0,0.0,0.14285714285714285,0.14285714285714285,0.14285714285714285,0.14285714285714285,0.14285714285714285,0.14285714285714285,0.14285714285714285,1.0,6.0,6.0,6.0,6.0,6.0,6.0,6.0,6.0,6.0,6.0,NA,NA,1.6256157635467983,0.8275862068965518,0.13546798029556648,0.04683242159228794,-0.0548719625123675,0.8275862068965518,0.13546798029556648,0.0,0.0,0.0,0.0,0.0,OK,
corr_mix,all_only,fused_fisher,INFEASIBLE,0.0,budget_only,count,INFEASIBLE,INFEASIBLE,INFEASIBLE,INFEASIBLE,INFEASIBLE,INFEASIBLE,INFEASIBLE,INFEASIBLE,INFEASIBLE,INFEASIBLE,INFEASIBLE,INFEASIBLE,INFEASIBLE,INFEASIBLE,INFEASIBLE,INFEASIBLE,INFEASIBLE,INFEASIBLE,INFEASIBLE,INFEASIBLE,INFEASIBLE,INFEASIBLE,INFEASIBLE,,INFEASIBLE,INFEASIBLE,INFEASIBLE,INFEASIBLE,INFEASIBLE,INFEASIBLE,INFEASIBLE,INFEASIBLE,INFEASIBLE,INFEASIBLE,INFEASIBLE,INFEASIBLE,INFEASIBLE,INFEASIBLE,INFEASIBLE,INFEASIBLE,INFEASIBLE,INFEASIBLE,INFEASIBLE,INFEASIBLE,INFEASIBLE,INFEASIBLE,INFEASIBLE,INFEASIBLE,INFEASIBLE,no_trials_in_band
corr_mix,all_only,fused_fisher_lrt_delta,INFEASIBLE,0.0,budget_only,count,INFEASIBLE,INFEASIBLE,INFEASIBLE,INFEASIBLE,INFEASIBLE,INFEASIBLE,INFEASIBLE,INFEASIBLE,INFEASIBLE,INFEASIBLE,INFEASIBLE,INFEASIBLE,INFEASIBLE,INFEASIBLE,INFEASIBLE,INFEASIBLE,INFEASIBLE,INFEASIBLE,INFEASIBLE,INFEASIBLE,INFEASIBLE,INFEASIBLE,INFEASIBLE,,INFEASIBLE,INFEASIBLE,INFEASIBLE,INFEASIBLE,INFEASIBLE,INFEASIBLE,INFEASIBLE,INFEASIBLE,INFEASIBLE,INFEASIBLE,INFEASIBLE,INFEASIBLE,INFEASIBLE,INFEASIBLE,INFEASIBLE,INFEASIBLE,INFEASIBLE,INFEASIBLE,INFEASIBLE,INFEASIBLE,INFEASIBLE,INFEASIBLE,INFEASIBLE,INFEASIBLE,INFEASIBLE,no_trials_in_band
corr_mix,all_only,fused_sp,INFEASIBLE,0.0,budget_only,count,INFEASIBLE,INFEASIBLE,INFEASIBLE,INFEASIBLE,INFEASIBLE,INFEASIBLE,INFEASIBLE,INFEASIBLE,INFEASIBLE,INFEASIBLE,INFEASIBLE,INFEASIBLE,INFEASIBLE,INFEASIBLE,INFEASIBLE,INFEASIBLE,INFEASIBLE,INFEASIBLE,INFEASIBLE,INFEASIBLE,INFEASIBLE,INFEASIBLE,INFEASIBLE,,INFEASIBLE,INFEASIBLE,INFEASIBLE,INFEASIBLE,INFEASIBLE,INFEASIBLE,INFEASIBLE,INFEASIBLE,INFEASIBLE,INFEASIBLE,INFEASIBLE,INFEASIBLE,INFEASIBLE,INFEASIBLE,INFEASIBLE,INFEASIBLE,INFEASIBLE,INFEASIBLE,INFEASIBLE,INFEASIBLE,INFEASIBLE,INFEASIBLE,INFEASIBLE,INFEASIBLE,INFEASIBLE,no_trials_in_band
corr_mix,all_only,fused_sp_lrt_delta,INFEASIBLE,0.0,budget_only,count,INFEASIBLE,INFEASIBLE,INFEASIBLE,INFEASIBLE,INFEASIBLE,INFEASIBLE,INFEASIBLE,INFEASIBLE,INFEASIBLE,INFEASIBLE,INFEASIBLE,INFEASIBLE,INFEASIBLE,INFEASIBLE,INFEASIBLE,INFEASIBLE,INFEASIBLE,INFEASIBLE,INFEASIBLE,INFEASIBLE,INFEASIBLE,INFEASIBLE,INFEASIBLE,,INFEASIBLE,INFEASIBLE,INFEASIBLE,INFEASIBLE,INFEASIBLE,INFEASIBLE,INFEASIBLE,INFEASIBLE,INFEASIBLE,INFEASIBLE,INFEASIBLE,INFEASIBLE,INFEASIBLE,INFEASIBLE,INFEASIBLE,INFEASIBLE,INFEASIBLE,INFEASIBLE,INFEASIBLE,INFEASIBLE,INFEASIBLE,INFEASIBLE,INFEASIBLE,INFEASIBLE,INFEASIBLE,no_trials_in_band
corr_mix,all_only,max_abs,1.0,0.0,budget_only,count,0.1,0.15,0.1,30,30,5,30,1.0,0.16666666666666666,1.0,0.9448275862068968,0.1850574712643678,4.566666666666666,0.5333333333333333,0.5333333333333333,0.0,0.5666666666666667,0.3,0.5666666666666667,0.3,0.03333333333333333,0.1,0.1,1.0,4.5,4.5,4.5,6.0,4.5,6.0,4.0,6.0,4.5,6.0,1.5,1.5,2.220689655172414,0.9448275862068968,0.1850574712643678,0.0025534175638902094,0.2714345833949225,0.9448275862068968,0.1850574712643678,0.0,0.0,0.0,0.0,0.0,OK,
corr_mix,all_only,pc_t2,INFEASIBLE,0.0,budget_only,count,INFEASIBLE,INFEASIBLE,INFEASIBLE,INFEASIBLE,INFEASIBLE,INFEASIBLE,INFEASIBLE,INFEASIBLE,INFEASIBLE,INFEASIBLE,INFEASIBLE,INFEASIBLE,INFEASIBLE,INFEASIBLE,INFEASIBLE,INFEASIBLE,INFEASIBLE,INFEASIBLE,INFEASIBLE,INFEASIBLE,INFEASIBLE,INFEASIBLE,INFEASIBLE,,INFEASIBLE,INFEASIBLE,INFEASIBLE,INFEASIBLE,INFEASIBLE,INFEASIBLE,INFEASIBLE,INFEASIBLE,INFEASIBLE,INFEASIBLE,INFEASIBLE,INFEASIBLE,INFEASIBLE,INFEASIBLE,INFEASIBLE,INFEASIBLE,INFEASIBLE,INFEASIBLE,INFEASIBLE,INFEASIBLE,INFEASIBLE,INFEASIBLE,INFEASIBLE,INFEASIBLE,INFEASIBLE,no_trials_in_band
corr_mix,all_only,res_energy,INFEASIBLE,0.0,budget_only,count,INFEASIBLE,INFEASIBLE,INFEASIBLE,INFEASIBLE,INFEASIBLE,INFEASIBLE,INFEASIBLE,INFEASIBLE,INFEASIBLE,INFEASIBLE,INFEASIBLE,INFEASIBLE,INFEASIBLE,INFEASIBLE,INFEASIBLE,INFEASIBLE,INFEASIBLE,INFEASIBLE,INFEASIBLE,INFEASIBLE,INFEASIBLE,INFEASIBLE,INFEASIBLE,,INFEASIBLE,INFEASIBLE,INFEASIBLE,INFEASIBLE,INFEASIBLE,INFEASIBLE,INFEASIBLE,INFEASIBLE,INFEASIBLE,INFEASIBLE,INFEASIBLE,INFEASIBLE,INFEASIBLE,INFEASIBLE,INFEASIBLE,INFEASIBLE,INFEASIBLE,INFEASIBLE,INFEASIBLE,INFEASIBLE,INFEASIBLE,INFEASIBLE,INFEASIBLE,INFEASIBLE,INFEASIBLE,no_trials_in_band
corr_mix,all_only,stale,1.0,0.0,budget_only,count,0.1,0.15,0.1,30,21,3,21,0.7,0.1,0.7,0.8275862068965518,0.1609195402298851,4.0,0.09523809523809523,0.09523809523809523,0.0,0.14285714285714285,0.14285714285714285,0.14285714285714285,0.14285714285714285,0.047619047619047616,0.14285714285714285,0.14285714285714285,1.0,6.0,6.0,6.0,6.0,6.0,6.0,6.0,6.0,6.0,6.0,1.0,1.0,1.931034482758621,0.8275862068965518,0.1609195402298851,0.14323636264887568,0.38095238095238093,0.8275862068965518,0.1609195402298851,0.0,0.0,0.0,0.0,0.0,OK,
corr_mix,full,T2,INFEASIBLE,0.0,budget_only,count,INFEASIBLE,INFEASIBLE,INFEASIBLE,INFEASIBLE,INFEASIBLE,INFEASIBLE,INFEASIBLE,INFEASIBLE,INFEASIBLE,INFEASIBLE,INFEASIBLE,INFEASIBLE,INFEASIBLE,INFEASIBLE,INFEASIBLE,INFEASIBLE,INFEASIBLE,INFEASIBLE,INFEASIBLE,INFEASIBLE,INFEASIBLE,INFEASIBLE,INFEASIBLE,,INFEASIBLE,INFEASIBLE,INFEASIBLE,INFEASIBLE,INFEASIBLE,INFEASIBLE,INFEASIBLE,INFEASIBLE,INFEASIBLE,INFEASIBLE,INFEASIBLE,INFEASIBLE,INFEASIBLE,INFEASIBLE,INFEASIBLE,INFEASIBLE,INFEASIBLE,INFEASIBLE,INFEASIBLE,INFEASIBLE,INFEASIBLE,INFEASIBLE,INFEASIBLE,INFEASIBLE,INFEASIBLE,no_trials_in_band
corr_mix,full,cusum_factor_cov_lrt,1.0,0.0,budget_only,count,0.1,0.15,0.1,30,30,0,30,1.0,0.0,1.0,1.117241379310345,0.2431034482758621,5.4,0.6666666666666666,0.6666666666666666,0.0,0.8666666666666667,0.4666666666666667,0.8666666666666667,0.4666666666666667,0.2,0.0,0.0,1.0,4.0,4.0,4.0,6.0,4.0,6.0,2.0,6.0,4.0,6.0,2.0,2.0,2.9172413793103447,1.117241379310345,0.2431034482758621,NA,0.539098060077221,1.117241379310345,0.2431034482758621,0.0,0.0,0.0,0.0,0.0,OK,
corr_mix,full,ewma_factor_cov_lrt,INFEASIBLE,0.0,budget_only,count,INFEASIBLE,INFEASIBLE,INFEASIBLE,INFEASIBLE,INFEASIBLE,INFEASIBLE,INFEASIBLE,INFEASIBLE,INFEASIBLE,INFEASIBLE,INFEASIBLE,INFEASIBLE,INFEASIBLE,INFEASIBLE,INFEASIBLE,INFEASIBLE,INFEASIBLE,INFEASIBLE,INFEASIBLE,INFEASIBLE,INFEASIBLE,INFEASIBLE,INFEASIBLE,,INFEASIBLE,INFEASIBLE,INFEASIBLE,INFEASIBLE,INFEASIBLE,INFEASIBLE,INFEASIBLE,INFEASIBLE,INFEASIBLE,INFEASIBLE,INFEASIBLE,INFEASIBLE,INFEASIBLE,INFEASIBLE,INFEASIBLE,INFEASIBLE,INFEASIBLE,INFEASIBLE,INFEASIBLE,INFEASIBLE,INFEASIBLE,INFEASIBLE,INFEASIBLE,INFEASIBLE,INFEASIBLE,no_trials_in_band
corr_mix,full,factor_cov_change,INFEASIBLE,0.0,budget_only,count,INFEASIBLE,INFEASIBLE,INFEASIBLE,INFEASIBLE,INFEASIBLE,INFEASIBLE,INFEASIBLE,INFEASIBLE,INFEASIBLE,INFEASIBLE,INFEASIBLE,INFEASIBLE,INFEASIBLE,INFEASIBLE,INFEASIBLE,INFEASIBLE,INFEASIBLE,INFEASIBLE,INFEASIBLE,INFEASIBLE,INFEASIBLE,INFEASIBLE,INFEASIBLE,,INFEASIBLE,INFEASIBLE,INFEASIBLE,INFEASIBLE,INFEASIBLE,INFEASIBLE,INFEASIBLE,INFEASIBLE,INFEASIBLE,INFEASIBLE,INFEASIBLE,INFEASIBLE,INFEASIBLE,INFEASIBLE,INFEASIBLE,INFEASIBLE,INFEASIBLE,INFEASIBLE,INFEASIBLE,INFEASIBLE,INFEASIBLE,INFEASIBLE,INFEASIBLE,INFEASIBLE,INFEASIBLE,no_trials_in_band
corr_mix,full,factor_cov_delta,INFEASIBLE,0.0,budget_only,count,INFEASIBLE,INFEASIBLE,INFEASIBLE,INFEASIBLE,INFEASIBLE,INFEASIBLE,INFEASIBLE,INFEASIBLE,INFEASIBLE,INFEASIBLE,INFEASIBLE,INFEASIBLE,INFEASIBLE,INFEASIBLE,INFEASIBLE,INFEASIBLE,INFEASIBLE,INFEASIBLE,INFEASIBLE,INFEASIBLE,INFEASIBLE,INFEASIBLE,INFEASIBLE,,INFEASIBLE,INFEASIBLE,INFEASIBLE,INFEASIBLE,INFEASIBLE,INFEASIBLE,INFEASIBLE,INFEASIBLE,INFEASIBLE,INFEASIBLE,INFEASIBLE,INFEASIBLE,INFEASIBLE,INFEASIBLE,INFEASIBLE,INFEASIBLE,INFEASIBLE,INFEASIBLE,INFEASIBLE,INFEASIBLE,INFEASIBLE,INFEASIBLE,INFEASIBLE,INFEASIBLE,INFEASIBLE,no_trials_in_band
corr_mix,full,factor_cov_lrt,INFEASIBLE,0.0,budget_only,count,INFEASIBLE,INFEASIBLE,INFEASIBLE,INFEASIBLE,INFEASIBLE,INFEASIBLE,INFEASIBLE,INFEASIBLE,INFEASIBLE,INFEASIBLE,INFEASIBLE,INFEASIBLE,INFEASIBLE,INFEASIBLE,INFEASIBLE,INFEASIBLE,INFEASIBLE,INFEASIBLE,INFEASIBLE,INFEASIBLE,INFEASIBLE,INFEASIBLE,INFEASIBLE,,INFEASIBLE,INFEASIBLE,INFEASIBLE,INFEASIBLE,INFEASIBLE,INFEASIBLE,INFEASIBLE,INFEASIBLE,INFEASIBLE,INFEASIBLE,INFEASIBLE,INFEASIBLE,INFEASIBLE,INFEASIBLE,INFEASIBLE,INFEASIBLE,INFEASIBLE,INFEASIBLE,INFEASIBLE,INFEASIBLE,INFEASIBLE,INFEASIBLE,INFEASIBLE,INFEASIBLE,INFEASIBLE,no_trials_in_band
corr_mix,full,factor_cov_lrt_delta,1.0,0.0,budget_only,count,0.1,0.15,0.1,30,3,3,3,0.1,0.1,0.1,1.2413793103448276,0.10344827586206896,6.0,1.0,1.0,0.0,1.0,1.0,1.0,1.0,0.0,0.0,0.0,1.0,0.0,0.0,0.0,0.8,0.0,0.8,0.0,0.8,0.0,0.8,0.0,0.0,1.2413793103448276,1.2413793103448276,0.10344827586206896,0.10806137345336027,0.25586028217882223,1.2413793103448276,0.10344827586206896,0.0,0.0,0.0,0.0,0.0,OK,
corr_mix,full,fused_fisher,INFEASIBLE,0.0,budget_only,count,INFEASIBLE,INFEASIBLE,INFEASIBLE,INFEASIBLE,INFEASIBLE,INFEASIBLE,INFEASIBLE,INFEASIBLE,INFEASIBLE,INFEASIBLE,INFEASIBLE,INFEASIBLE,INFEASIBLE,INFEASIBLE,INFEASIBLE,INFEASIBLE,INFEASIBLE,INFEASIBLE,INFEASIBLE,INFEASIBLE,INFEASIBLE,INFEASIBLE,INFEASIBLE,,INFEASIBLE,INFEASIBLE,INFEASIBLE,INFEASIBLE,INFEASIBLE,INFEASIBLE,INFEASIBLE,INFEASIBLE,INFEASIBLE,INFEASIBLE,INFEASIBLE,INFEASIBLE,INFEASIBLE,INFEASIBLE,INFEASIBLE,INFEASIBLE,INFEASIBLE,INFEASIBLE,INFEASIBLE,INFEASIBLE,INFEASIBLE,INFEASIBLE,INFEASIBLE,INFEASIBLE,INFEASIBLE,no_trials_in_band
corr_mix,full,fused_fisher_lrt_delta,INFEASIBLE,0.0,budget_only,count,INFEASIBLE,INFEASIBLE,INFEASIBLE,INFEASIBLE,INFEASIBLE,INFEASIBLE,INFEASIBLE,INFEASIBLE,INFEASIBLE,INFEASIBLE,INFEASIBLE,INFEASIBLE,INFEASIBLE,INFEASIBLE,INFEASIBLE,INFEASIBLE,INFEASIBLE,INFEASIBLE,INFEASIBLE,INFEASIBLE,INFEASIBLE,INFEASIBLE,INFEASIBLE,,INFEASIBLE,INFEASIBLE,INFEASIBLE,INFEASIBLE,INFEASIBLE,INFEASIBLE,INFEASIBLE,INFEASIBLE,INFEASIBLE,INFEASIBLE,INFEASIBLE,INFEASIBLE,INFEASIBLE,INFEASIBLE,INFEASIBLE,INFEASIBLE,INFEASIBLE,INFEASIBLE,INFEASIBLE,INFEASIBLE,INFEASIBLE,INFEASIBLE,INFEASIBLE,INFEASIBLE,INFEASIBLE,no_trials_in_band
corr_mix,full,fused_sp,1.0,0.0,budget_only,count,0.1,0.15,0.1,30,22,3,22,0.7333333333333333,0.1,0.7333333333333333,0.8275862068965517,0.17711598746081506,4.0,0.09090909090909091,0.09090909090909091,0.0,0.18181818181818182,0.18181818181818182,0.18181818181818182,0.18181818181818182,0.09090909090909091,0.13636363636363635,0.13636363636363635,1.0,6.0,6.0,6.0,6.0,6.0,6.0,6.0,6.0,6.0,6.0,1.0,1.0,2.1253918495297803,0.8275862068965517,0.17711598746081506,0.0012672024061031572,-0.09552799916781844,0.8275862068965517,0.17711598746081506,0.0,0.0,0.0,0.0,0.0,OK,
corr_mix,full,fused_sp_lrt_delta,1.0,0.0,budget_only,count,0.1,0.15,0.1,30,22,3,22,0.7333333333333333,0.1,0.7333333333333333,0.8275862068965517,0.17711598746081506,4.0,0.09090909090909091,0.09090909090909091,0.0,0.18181818181818182,0.18181818181818182,0.18181818181818182,0.18181818181818182,0.09090909090909091,0.13636363636363635,0.13636363636363635,1.0,6.0,6.0,6.0,6.0,6.0,6.0,6.0,6.0,6.0,6.0,1.0,1.0,2.1253918495297803,0.8275862068965517,0.17711598746081506,0.0008437043243919568,-0.19200262614738287,0.8275862068965517,0.17711598746081506,0.0,0.0,0.0,0.0,0.0,OK,
corr_mix,full,max_abs,INFEASIBLE,0.0,budget_only,count,INFEASIBLE,INFEASIBLE,INFEASIBLE,INFEASIBLE,INFEASIBLE,INFEASIBLE,INFEASIBLE,INFEASIBLE,INFEASIBLE,INFEASIBLE,INFEASIBLE,INFEASIBLE,INFEASIBLE,INFEASIBLE,INFEASIBLE,INFEASIBLE,INFEASIBLE,INFEASIBLE,INFEASIBLE,INFEASIBLE,INFEASIBLE,INFEASIBLE,INFEASIBLE,,INFEASIBLE,INFEASIBLE,INFEASIBLE,INFEASIBLE,INFEASIBLE,INFEASIBLE,INFEASIBLE,INFEASIBLE,INFEASIBLE,INFEASIBLE,INFEASIBLE,INFEASIBLE,INFEASIBLE,INFEASIBLE,INFEASIBLE,INFEASIBLE,INFEASIBLE,INFEASIBLE,INFEASIBLE,INFEASIBLE,INFEASIBLE,INFEASIBLE,INFEASIBLE,INFEASIBLE,INFEASIBLE,no_trials_in_band
corr_mix,full,pc_t2,INFEASIBLE,0.0,budget_only,count,INFEASIBLE,INFEASIBLE,INFEASIBLE,INFEASIBLE,INFEASIBLE,INFEASIBLE,INFEASIBLE,INFEASIBLE,INFEASIBLE,INFEASIBLE,INFEASIBLE,INFEASIBLE,INFEASIBLE,INFEASIBLE,INFEASIBLE,INFEASIBLE,INFEASIBLE,INFEASIBLE,INFEASIBLE,INFEASIBLE,INFEASIBLE,INFEASIBLE,INFEASIBLE,,INFEASIBLE,INFEASIBLE,INFEASIBLE,INFEASIBLE,INFEASIBLE,INFEASIBLE,INFEASIBLE,INFEASIBLE,INFEASIBLE,INFEASIBLE,INFEASIBLE,INFEASIBLE,INFEASIBLE,INFEASIBLE,INFEASIBLE,INFEASIBLE,INFEASIBLE,INFEASIBLE,INFEASIBLE,INFEASIBLE,INFEASIBLE,INFEASIBLE,INFEASIBLE,INFEASIBLE,INFEASIBLE,no_trials_in_band
corr_mix,full,res_energy,1.0,0.0,budget_only,count,0.1,0.15,0.1,30,21,2,21,0.7,0.06666666666666667,0.7,0.8275862068965518,0.21510673234811167,4.0,0.0,0.0,0.0,0.14285714285714285,0.14285714285714285,0.14285714285714285,0.14285714285714285,0.14285714285714285,0.09523809523809523,0.09523809523809523,1.0,6.0,6.0,6.0,6.0,6.0,6.0,6.0,6.0,6.0,6.0,NA,NA,2.5812807881773403,0.8275862068965518,0.21510673234811167,0.002870353218043605,-0.18367769106127427,0.8275862068965518,0.21510673234811167,0.0,0.0,0.0,0.0,0.0,OK,
corr_mix,full,stale,1.0,0.0,budget_only,count,0.1,0.15,0.1,30,20,3,20,0.6666666666666666,0.1,0.6666666666666666,0.8275862068965518,0.20603448275862069,4.0,0.15,0.15,0.0,0.35,0.2,0.35,0.2,0.2,0.05,0.05,1.0,6.0,6.0,6.0,6.0,6.0,6.0,6.0,6.0,6.0,6.0,2.0,2.0,2.472413793103448,0.8275862068965518,0.20603448275862069,0.38094473238117643,0.25,0.8275862068965518,0.20603448275862069,0.0,0.0,0.0,0.0,0.0,OK,
corr_mix,score_only,T2,1.0,0.0,budget_only,count,0.1,0.15,0.1,30,17,0,17,0.5666666666666667,0.0,0.5666666666666667,0.8275862068965518,0.24036511156186613,4.0,0.0,0.0,0.0,0.058823529411764705,0.058823529411764705,0.058823529411764705,0.058823529411764705,0.058823529411764705,0.0,0.0,1.0,6.0,6.0,6.0,6.0,6.0,6.0,6.0,6.0,6.0,6.0,NA,NA,2.8843813387423936,0.8275862068965518,0.24036511156186613,0.004218040779909174,-0.2831445497117516,0.8275862068965518,0.24036511156186613,0.0,0.0,0.0,0.0,0.0,OK,
corr_mix,score_only,coh_resid_energy,1.0,0.0,budget_only,count,0.1,0.15,0.1,30,30,6,30,1.0,0.2,1.0,0.9448275862068968,0.18448275862068966,4.566666666666666,0.4666666666666667,0.4666666666666667,0.0,0.5666666666666667,0.3,0.5666666666666667,0.3,0.1,0.2,0.2,1.0,6.0,6.0,6.0,6.0,6.0,6.0,4.5,6.0,6.0,6.0,2.0,2.0,2.213793103448276,0.9448275862068968,0.18448275862068966,0.005812958848677469,0.17618595262385023,0.9448275862068968,0.18448275862068966,0.0,0.0,0.0,0.0,0.0,OK,
corr_mix,score_only,coh_resid_t2,1.0,0.0,budget_only,count,0.1,0.15,0.1,30,30,3,30,1.0,0.1,1.0,0.9448275862068968,0.21839080459770113,4.566666666666666,0.43333333333333335,0.43333333333333335,0.0,0.5333333333333333,0.3333333333333333,0.5333333333333333,0.3333333333333333,0.16666666666666666,0.1,0.1,1.0,6.0,6.0,6.0,6.0,6.0,6.0,5.0,6.0,6.0,6.0,2.0,2.0,2.620689655172414,0.9448275862068968,0.21839080459770113,0.009085335885287798,0.1106594401410515,0.9448275862068968,0.21839080459770113,0.0,0.0,0.0,0.0,0.0,OK,
corr_mix,score_only,cusum_coh_resid_t2,1.0,0.0,budget_only,count,0.1,0.15,0.1,30,15,0,15,0.5,0.0,0.5,1.0482758620689658,0.21149425287356324,5.066666666666666,0.4666666666666667,0.4666666666666667,0.0,0.5333333333333333,0.3333333333333333,0.5333333333333333,0.3333333333333333,0.13333333333333333,0.0,0.0,1.0,6.0,6.0,6.0,6.0,6.0,6.0,4.0,6.0,6.0,6.0,3.0,3.0,2.537931034482759,1.0482758620689658,0.21149425287356324,NA,-0.2180211410704665,1.0482758620689658,0.21149425287356324,0.0,0.0,0.0,0.0,0.0,OK,
corr_mix,score_only,cusum_factor_cov_lrt,1.0,0.0,budget_only,count,0.1,0.15,0.1,30,28,0,28,0.9333333333333333,0.0,0.9333333333333333,1.1748768472906408,0.41379310344827586,5.678571428571429,0.5357142857142857,0.5357142857142857,0.0,1.0,0.7142857142857143,1.0,0.7142857142857143,0.5,0.0,0.0,1.0,5.0,5.0,5.0,6.0,5.0,6.0,0.0,3.3000000000000007,5.0,6.0,2.0,2.0,4.9655172413793105,1.1748768472906408,0.41379310344827586,NA,0.5042801340725613,1.1748768472906408,0.41379310344827586,0.0,0.0,0.0,0.0,0.0,OK,
corr_mix,score_only,ewma_coh_resid_t2,1.0,0.0,budget_only,count,0.1,0.15,0.1,30,30,0,30,1.0,0.0,1.0,0.9379310344827588,0.25114942528735623,4.533333333333333,0.4666666666666667,0.4666666666666667,0.0,0.5666666666666667,0.3,0.5666666666666667,0.3,0.13333333333333333,0.0,0.0,1.0,6.0,6.0,6.0,6.0,6.0,6.0,4.0,6.0,6.0,6.0,2.5,2.5,3.013793103448276,0.9379310344827588,0.25114942528735623,0.0074045382994429605,0.2084064600030109,0.9379310344827588,0.25114942528735623,0.0,0.0,0.0,0.0,0.0,OK,
corr_mix,score_only,ewma_factor_cov_lrt,INFEASIBLE,0.0,budget_only,count,INFEASIBLE,INFEASIBLE,INFEASIBLE,INFEASIBLE,INFEASIBLE,INFEASIBLE,INFEASIBLE,INFEASIBLE,INFEASIBLE,INFEASIBLE,INFEASIBLE,INFEASIBLE,INFEASIBLE,INFEASIBLE,INFEASIBLE,INFEASIBLE,INFEASIBLE,INFEASIBLE,INFEASIBLE,INFEASIBLE,INFEASIBLE,INFEASIBLE,INFEASIBLE,,INFEASIBLE,INFEASIBLE,INFEASIBLE,INFEASIBLE,INFEASIBLE,INFEASIBLE,INFEASIBLE,INFEASIBLE,INFEASIBLE,INFEASIBLE,INFEASIBLE,INFEASIBLE,INFEASIBLE,INFEASIBLE,INFEASIBLE,INFEASIBLE,INFEASIBLE,INFEASIBLE,INFEASIBLE,INFEASIBLE,INFEASIBLE,INFEASIBLE,INFEASIBLE,INFEASIBLE,INFEASIBLE,no_trials_in_band
corr_mix,score_only,factor_cov_change,INFEASIBLE,0.0,budget_only,count,INFEASIBLE,INFEASIBLE,INFEASIBLE,INFEASIBLE,INFEASIBLE,INFEASIBLE,INFEASIBLE,INFEASIBLE,INFEASIBLE,INFEASIBLE,INFEASIBLE,INFEASIBLE,INFEASIBLE,INFEASIBLE,INFEASIBLE,INFEASIBLE,INFEASIBLE,INFEASIBLE,INFEASIBLE,INFEASIBLE,INFEASIBLE,INFEASIBLE,INFEASIBLE,,INFEASIBLE,INFEASIBLE,INFEASIBLE,INFEASIBLE,INFEASIBLE,INFEASIBLE,INFEASIBLE,INFEASIBLE,INFEASIBLE,INFEASIBLE,INFEASIBLE,INFEASIBLE,INFEASIBLE,INFEASIBLE,INFEASIBLE,INFEASIBLE,INFEASIBLE,INFEASIBLE,INFEASIBLE,INFEASIBLE,INFEASIBLE,INFEASIBLE,INFEASIBLE,INFEASIBLE,INFEASIBLE,no_trials_in_band
corr_mix,score_only,factor_cov_delta,INFEASIBLE,0.0,budget_only,count,INFEASIBLE,INFEASIBLE,INFEASIBLE,INFEASIBLE,INFEASIBLE,INFEASIBLE,INFEASIBLE,INFEASIBLE,INFEASIBLE,INFEASIBLE,INFEASIBLE,INFEASIBLE,INFEASIBLE,INFEASIBLE,INFEASIBLE,INFEASIBLE,INFEASIBLE,INFEASIBLE,INFEASIBLE,INFEASIBLE,INFEASIBLE,INFEASIBLE,INFEASIBLE,,INFEASIBLE,INFEASIBLE,INFEASIBLE,INFEASIBLE,INFEASIBLE,INFEASIBLE,INFEASIBLE,INFEASIBLE,INFEASIBLE,INFEASIBLE,INFEASIBLE,INFEASIBLE,INFEASIBLE,INFEASIBLE,INFEASIBLE,INFEASIBLE,INFEASIBLE,INFEASIBLE,INFEASIBLE,INFEASIBLE,INFEASIBLE,INFEASIBLE,INFEASIBLE,INFEASIBLE,INFEASIBLE,no_trials_in_band
corr_mix,score_only,factor_cov_lrt,INFEASIBLE,0.0,budget_only,count,INFEASIBLE,INFEASIBLE,INFEASIBLE,INFEASIBLE,INFEASIBLE,INFEASIBLE,INFEASIBLE,INFEASIBLE,INFEASIBLE,INFEASIBLE,INFEASIBLE,INFEASIBLE,INFEASIBLE,INFEASIBLE,INFEASIBLE,INFEASIBLE,INFEASIBLE,INFEASIBLE,INFEASIBLE,INFEASIBLE,INFEASIBLE,INFEASIBLE,INFEASIBLE,,INFEASIBLE,INFEASIBLE,INFEASIBLE,INFEASIBLE,INFEASIBLE,INFEASIBLE,INFEASIBLE,INFEASIBLE,INFEASIBLE,INFEASIBLE,INFEASIBLE,INFEASIBLE,INFEASIBLE,INFEASIBLE,INFEASIBLE,INFEASIBLE,INFEASIBLE,INFEASIBLE,INFEASIBLE,INFEASIBLE,INFEASIBLE,INFEASIBLE,INFEASIBLE,INFEASIBLE,INFEASIBLE,no_trials_in_band
corr_mix,score_only,factor_cov_lrt_delta,1.0,0.0,budget_only,count,0.1,0.15,0.1,30,29,14,29,0.9666666666666667,0.4666666666666667,0.9666666666666667,0.963139120095125,0.15517241379310348,4.655172413793103,0.3793103448275862,0.3793103448275862,0.0,0.4827586206896552,0.20689655172413793,0.4827586206896552,0.20689655172413793,0.10344827586206896,0.20689655172413793,0.20689655172413793,1.0,6.0,6.0,6.0,6.0,6.0,6.0,6.0,6.0,6.0,6.0,2.0,2.0,1.8620689655172413,0.963139120095125,0.15517241379310348,0.06745701986861259,0.1479104250533393,0.963139120095125,0.15517241379310348,0.0,0.0,0.0,0.0,0.0,OK,
corr_mix,score_only,fused_fisher,1.0,0.0,budget_only,count,0.1,0.15,0.1,30,29,16,29,0.9666666666666667,0.5333333333333333,0.9666666666666667,0.9417360285374555,0.15219976218787157,4.551724137931035,0.4482758620689655,0.4482758620689655,0.0,0.5517241379310345,0.2413793103448276,0.5517241379310345,0.2413793103448276,0.10344827586206896,0.2413793103448276,0.2413793103448276,1.0,6.0,6.0,6.0,6.0,6.0,6.0,4.0,6.0,6.0,6.0,2.0,2.0,1.826397146254459,0.9417360285374555,0.15219976218787157,0.014124291027802834,0.020807211524706437,0.9417360285374555,0.15219976218787157,0.0,0.0,0.0,0.0,0.0,OK,
corr_mix,score_only,fused_fisher_lrt_delta,INFEASIBLE,0.0,budget_only,count,INFEASIBLE,INFEASIBLE,INFEASIBLE,INFEASIBLE,INFEASIBLE,INFEASIBLE,INFEASIBLE,INFEASIBLE,INFEASIBLE,INFEASIBLE,INFEASIBLE,INFEASIBLE,INFEASIBLE,INFEASIBLE,INFEASIBLE,INFEASIBLE,INFEASIBLE,INFEASIBLE,INFEASIBLE,INFEASIBLE,INFEASIBLE,INFEASIBLE,INFEASIBLE,,INFEASIBLE,INFEASIBLE,INFEASIBLE,INFEASIBLE,INFEASIBLE,INFEASIBLE,INFEASIBLE,INFEASIBLE,INFEASIBLE,INFEASIBLE,INFEASIBLE,INFEASIBLE,INFEASIBLE,INFEASIBLE,INFEASIBLE,INFEASIBLE,INFEASIBLE,INFEASIBLE,INFEASIBLE,INFEASIBLE,INFEASIBLE,INFEASIBLE,INFEASIBLE,INFEASIBLE,INFEASIBLE,no_trials_in_band
corr_mix,score_only,fused_sp,1.0,0.0,budget_only,count,0.1,0.15,0.1,30,21,1,21,0.7,0.03333333333333333,0.7,0.8275862068965518,0.21674876847290644,4.0,0.047619047619047616,0.047619047619047616,0.0,0.14285714285714285,0.09523809523809523,0.14285714285714285,0.09523809523809523,0.09523809523809523,0.0,0.0,1.0,6.0,6.0,6.0,6.0,6.0,6.0,6.0,6.0,6.0,6.0,2.0,2.0,2.600985221674877,0.8275862068965518,0.21674876847290644,0.0009348522216168422,-0.061097894573987226,0.8275862068965518,0.21674876847290644,0.0,0.0,0.0,0.0,0.0,OK,
corr_mix,score_only,fused_sp_lrt_delta,1.0,0.0,budget_only,count,0.1,0.15,0.1,30,21,1,21,0.7,0.03333333333333333,0.7,0.8275862068965518,0.2011494252873563,4.0,0.047619047619047616,0.047619047619047616,0.0,0.14285714285714285,0.09523809523809523,0.14285714285714285,0.09523809523809523,0.09523809523809523,0.0,0.0,1.0,6.0,6.0,6.0,6.0,6.0,6.0,6.0,6.0,6.0,6.0,2.0,2.0,2.4137931034482767,0.8275862068965518,0.2011494252873563,0.00128334224291084,-0.1583368941169393,0.8275862068965518,0.2011494252873563,0.0,0.0,0.0,0.0,0.0,OK,
corr_mix,score_only,max_abs,INFEASIBLE,0.0,budget_only,count,INFEASIBLE,INFEASIBLE,INFEASIBLE,INFEASIBLE,INFEASIBLE,INFEASIBLE,INFEASIBLE,INFEASIBLE,INFEASIBLE,INFEASIBLE,INFEASIBLE,INFEASIBLE,INFEASIBLE,INFEASIBLE,INFEASIBLE,INFEASIBLE,INFEASIBLE,INFEASIBLE,INFEASIBLE,INFEASIBLE,INFEASIBLE,INFEASIBLE,INFEASIBLE,,INFEASIBLE,INFEASIBLE,INFEASIBLE,INFEASIBLE,INFEASIBLE,INFEASIBLE,INFEASIBLE,INFEASIBLE,INFEASIBLE,INFEASIBLE,INFEASIBLE,INFEASIBLE,INFEASIBLE,INFEASIBLE,INFEASIBLE,INFEASIBLE,INFEASIBLE,INFEASIBLE,INFEASIBLE,INFEASIBLE,INFEASIBLE,INFEASIBLE,INFEASIBLE,INFEASIBLE,INFEASIBLE,no_trials_in_band
corr_mix,score_only,pc_t2,1.0,0.0,budget_only,count,0.1,0.15,0.1,30,19,1,19,0.6333333333333333,0.03333333333333333,0.6333333333333333,0.8275862068965518,0.20235934664246824,4.0,0.05263157894736842,0.05263157894736842,0.0,0.10526315789473684,0.05263157894736842,0.10526315789473684,0.05263157894736842,0.05263157894736842,0.0,0.0,1.0,6.0,6.0,6.0,6.0,6.0,6.0,6.0,6.0,6.0,6.0,2.0,2.0,2.4283121597096193,0.8275862068965518,0.20235934664246824,0.0016754501370672456,0.0863261602804421,0.8275862068965518,0.20235934664246824,0.0,0.0,0.0,0.0,0.0,OK,
corr_mix,score_only,res_energy,1.0,0.0,budget_only,count,0.1,0.15,0.1,30,21,1,21,0.7,0.03333333333333333,0.7,0.8275862068965518,0.21674876847290644,4.0,0.047619047619047616,0.047619047619047616,0.0,0.14285714285714285,0.09523809523809523,0.14285714285714285,0.09523809523809523,0.09523809523809523,0.0,0.0,1.0,6.0,6.0,6.0,6.0,6.0,6.0,6.0,6.0,6.0,6.0,2.0,2.0,2.600985221674877,0.8275862068965518,0.21674876847290644,0.004285766610755042,-0.18145518427190357,0.8275862068965518,0.21674876847290644,0.0,0.0,0.0,0.0,0.0,OK,
corr_mix,score_only,stale,INFEASIBLE,0.0,budget_only,count,INFEASIBLE,INFEASIBLE,INFEASIBLE,INFEASIBLE,INFEASIBLE,INFEASIBLE,INFEASIBLE,INFEASIBLE,INFEASIBLE,INFEASIBLE,INFEASIBLE,INFEASIBLE,INFEASIBLE,INFEASIBLE,INFEASIBLE,INFEASIBLE,INFEASIBLE,INFEASIBLE,INFEASIBLE,INFEASIBLE,INFEASIBLE,INFEASIBLE,INFEASIBLE,,INFEASIBLE,INFEASIBLE,INFEASIBLE,INFEASIBLE,INFEASIBLE,INFEASIBLE,INFEASIBLE,INFEASIBLE,INFEASIBLE,INFEASIBLE,INFEASIBLE,INFEASIBLE,INFEASIBLE,INFEASIBLE,INFEASIBLE,INFEASIBLE,INFEASIBLE,INFEASIBLE,INFEASIBLE,INFEASIBLE,INFEASIBLE,INFEASIBLE,INFEASIBLE,INFEASIBLE,INFEASIBLE,no_trials_in_band
freeze,all_only,T2,INFEASIBLE,0.0,budget_only,count,INFEASIBLE,INFEASIBLE,INFEASIBLE,INFEASIBLE,INFEASIBLE,INFEASIBLE,INFEASIBLE,INFEASIBLE,INFEASIBLE,INFEASIBLE,INFEASIBLE,INFEASIBLE,INFEASIBLE,INFEASIBLE,INFEASIBLE,INFEASIBLE,INFEASIBLE,INFEASIBLE,INFEASIBLE,INFEASIBLE,INFEASIBLE,INFEASIBLE,INFEASIBLE,,INFEASIBLE,INFEASIBLE,INFEASIBLE,INFEASIBLE,INFEASIBLE,INFEASIBLE,INFEASIBLE,INFEASIBLE,INFEASIBLE,INFEASIBLE,INFEASIBLE,INFEASIBLE,INFEASIBLE,INFEASIBLE,INFEASIBLE,INFEASIBLE,INFEASIBLE,INFEASIBLE,INFEASIBLE,INFEASIBLE,INFEASIBLE,INFEASIBLE,INFEASIBLE,INFEASIBLE,INFEASIBLE,no_trials_in_band
freeze,all_only,cusum_factor_cov_lrt,1.0,0.0,budget_only,count,0.1,0.15,0.1,30,30,0,30,1.0,0.0,1.0,0.9517241379310346,0.282183908045977,4.6,0.6333333333333333,0.6333333333333333,0.0,0.9,0.6,0.9,0.6,0.3333333333333333,0.0,0.0,1.0,4.5,4.5,4.5,6.0,4.5,6.0,1.0,5.100000000000001,4.5,6.0,2.0,2.0,3.386206896551724,0.9517241379310346,0.282183908045977,NA,0.5566980961176456,0.9517241379310346,0.282183908045977,0.0,0.0,0.0,0.0,0.0,OK,
freeze,all_only,ewma_factor_cov_lrt,INFEASIBLE,0.0,budget_only,count,INFEASIBLE,INFEASIBLE,INFEASIBLE,INFEASIBLE,INFEASIBLE,INFEASIBLE,INFEASIBLE,INFEASIBLE,INFEASIBLE,INFEASIBLE,INFEASIBLE,INFEASIBLE,INFEASIBLE,INFEASIBLE,INFEASIBLE,INFEASIBLE,INFEASIBLE,INFEASIBLE,INFEASIBLE,INFEASIBLE,INFEASIBLE,INFEASIBLE,INFEASIBLE,,INFEASIBLE,INFEASIBLE,INFEASIBLE,INFEASIBLE,INFEASIBLE,INFEASIBLE,INFEASIBLE,INFEASIBLE,INFEASIBLE,INFEASIBLE,INFEASIBLE,INFEASIBLE,INFEASIBLE,INFEASIBLE,INFEASIBLE,INFEASIBLE,INFEASIBLE,INFEASIBLE,INFEASIBLE,INFEASIBLE,INFEASIBLE,INFEASIBLE,INFEASIBLE,INFEASIBLE,INFEASIBLE,no_trials_in_band
freeze,all_only,factor_cov_change,INFEASIBLE,0.0,budget_only,count,INFEASIBLE,INFEASIBLE,INFEASIBLE,INFEASIBLE,INFEASIBLE,INFEASIBLE,INFEASIBLE,INFEASIBLE,INFEASIBLE,INFEASIBLE,INFEASIBLE,INFEASIBLE,INFEASIBLE,INFEASIBLE,INFEASIBLE,INFEASIBLE,INFEASIBLE,INFEASIBLE,INFEASIBLE,INFEASIBLE,INFEASIBLE,INFEASIBLE,INFEASIBLE,,INFEASIBLE,INFEASIBLE,INFEASIBLE,INFEASIBLE,INFEASIBLE,INFEASIBLE,INFEASIBLE,INFEASIBLE,INFEASIBLE,INFEASIBLE,INFEASIBLE,INFEASIBLE,INFEASIBLE,INFEASIBLE,INFEASIBLE,INFEASIBLE,INFEASIBLE,INFEASIBLE,INFEASIBLE,INFEASIBLE,INFEASIBLE,INFEASIBLE,INFEASIBLE,INFEASIBLE,INFEASIBLE,no_trials_in_band
freeze,all_only,factor_cov_delta,INFEASIBLE,0.0,budget_only,count,INFEASIBLE,INFEASIBLE,INFEASIBLE,INFEASIBLE,INFEASIBLE,INFEASIBLE,INFEASIBLE,INFEASIBLE,INFEASIBLE,INFEASIBLE,INFEASIBLE,INFEASIBLE,INFEASIBLE,INFEASIBLE,INFEASIBLE,INFEASIBLE,INFEASIBLE,INFEASIBLE,INFEASIBLE,INFEASIBLE,INFEASIBLE,INFEASIBLE,INFEASIBLE,,INFEASIBLE,INFEASIBLE,INFEASIBLE,INFEASIBLE,INFEASIBLE,INFEASIBLE,INFEASIBLE,INFEASIBLE,INFEASIBLE,INFEASIBLE,INFEASIBLE,INFEASIBLE,INFEASIBLE,INFEASIBLE,INFEASIBLE,INFEASIBLE,INFEASIBLE,INFEASIBLE,INFEASIBLE,INFEASIBLE,INFEASIBLE,INFEASIBLE,INFEASIBLE,INFEASIBLE,INFEASIBLE,no_trials_in_band
freeze,all_only,factor_cov_lrt,INFEASIBLE,0.0,budget_only,count,INFEASIBLE,INFEASIBLE,INFEASIBLE,INFEASIBLE,INFEASIBLE,INFEASIBLE,INFEASIBLE,INFEASIBLE,INFEASIBLE,INFEASIBLE,INFEASIBLE,INFEASIBLE,INFEASIBLE,INFEASIBLE,INFEASIBLE,INFEASIBLE,INFEASIBLE,INFEASIBLE,INFEASIBLE,INFEASIBLE,INFEASIBLE,INFEASIBLE,INFEASIBLE,,INFEASIBLE,INFEASIBLE,INFEASIBLE,INFEASIBLE,INFEASIBLE,INFEASIBLE,INFEASIBLE,INFEASIBLE,INFEASIBLE,INFEASIBLE,INFEASIBLE,INFEASIBLE,INFEASIBLE,INFEASIBLE,INFEASIBLE,INFEASIBLE,INFEASIBLE,INFEASIBLE,INFEASIBLE,INFEASIBLE,INFEASIBLE,INFEASIBLE,INFEASIBLE,INFEASIBLE,INFEASIBLE,no_trials_in_band
freeze,all_only,factor_cov_lrt_delta,1.0,0.0,budget_only,count,0.1,0.15,0.1,30,21,21,21,0.7,0.7,0.7,0.8275862068965518,0.13546798029556648,4.0,0.0,0.0,0.0,0.14285714285714285,0.14285714285714285,0.14285714285714285,0.14285714285714285,0.14285714285714285,0.14285714285714285,0.14285714285714285,1.0,6.0,6.0,6.0,6.0,6.0,6.0,6.0,6.0,6.0,6.0,NA,NA,1.6256157635467983,0.8275862068965518,0.13546798029556648,0.04683242159228794,-0.0548719625123675,0.8275862068965518,0.13546798029556648,0.0,0.0,0.0,0.0,0.0,OK,
freeze,all_only,fused_fisher,INFEASIBLE,0.0,budget_only,count,INFEASIBLE,INFEASIBLE,INFEASIBLE,INFEASIBLE,INFEASIBLE,INFEASIBLE,INFEASIBLE,INFEASIBLE,INFEASIBLE,INFEASIBLE,INFEASIBLE,INFEASIBLE,INFEASIBLE,INFEASIBLE,INFEASIBLE,INFEASIBLE,INFEASIBLE,INFEASIBLE,INFEASIBLE,INFEASIBLE,INFEASIBLE,INFEASIBLE,INFEASIBLE,,INFEASIBLE,INFEASIBLE,INFEASIBLE,INFEASIBLE,INFEASIBLE,INFEASIBLE,INFEASIBLE,INFEASIBLE,INFEASIBLE,INFEASIBLE,INFEASIBLE,INFEASIBLE,INFEASIBLE,INFEASIBLE,INFEASIBLE,INFEASIBLE,INFEASIBLE,INFEASIBLE,INFEASIBLE,INFEASIBLE,INFEASIBLE,INFEASIBLE,INFEASIBLE,INFEASIBLE,INFEASIBLE,no_trials_in_band
freeze,all_only,fused_fisher_lrt_delta,INFEASIBLE,0.0,budget_only,count,INFEASIBLE,INFEASIBLE,INFEASIBLE,INFEASIBLE,INFEASIBLE,INFEASIBLE,INFEASIBLE,INFEASIBLE,INFEASIBLE,INFEASIBLE,INFEASIBLE,INFEASIBLE,INFEASIBLE,INFEASIBLE,INFEASIBLE,INFEASIBLE,INFEASIBLE,INFEASIBLE,INFEASIBLE,INFEASIBLE,INFEASIBLE,INFEASIBLE,INFEASIBLE,,INFEASIBLE,INFEASIBLE,INFEASIBLE,INFEASIBLE,INFEASIBLE,INFEASIBLE,INFEASIBLE,INFEASIBLE,INFEASIBLE,INFEASIBLE,INFEASIBLE,INFEASIBLE,INFEASIBLE,INFEASIBLE,INFEASIBLE,INFEASIBLE,INFEASIBLE,INFEASIBLE,INFEASIBLE,INFEASIBLE,INFEASIBLE,INFEASIBLE,INFEASIBLE,INFEASIBLE,INFEASIBLE,no_trials_in_band
freeze,all_only,fused_sp,INFEASIBLE,0.0,budget_only,count,INFEASIBLE,INFEASIBLE,INFEASIBLE,INFEASIBLE,INFEASIBLE,INFEASIBLE,INFEASIBLE,INFEASIBLE,INFEASIBLE,INFEASIBLE,INFEASIBLE,INFEASIBLE,INFEASIBLE,INFEASIBLE,INFEASIBLE,INFEASIBLE,INFEASIBLE,INFEASIBLE,INFEASIBLE,INFEASIBLE,INFEASIBLE,INFEASIBLE,INFEASIBLE,,INFEASIBLE,INFEASIBLE,INFEASIBLE,INFEASIBLE,INFEASIBLE,INFEASIBLE,INFEASIBLE,INFEASIBLE,INFEASIBLE,INFEASIBLE,INFEASIBLE,INFEASIBLE,INFEASIBLE,INFEASIBLE,INFEASIBLE,INFEASIBLE,INFEASIBLE,INFEASIBLE,INFEASIBLE,INFEASIBLE,INFEASIBLE,INFEASIBLE,INFEASIBLE,INFEASIBLE,INFEASIBLE,no_trials_in_band
freeze,all_only,fused_sp_lrt_delta,INFEASIBLE,0.0,budget_only,count,INFEASIBLE,INFEASIBLE,INFEASIBLE,INFEASIBLE,INFEASIBLE,INFEASIBLE,INFEASIBLE,INFEASIBLE,INFEASIBLE,INFEASIBLE,INFEASIBLE,INFEASIBLE,INFEASIBLE,INFEASIBLE,INFEASIBLE,INFEASIBLE,INFEASIBLE,INFEASIBLE,INFEASIBLE,INFEASIBLE,INFEASIBLE,INFEASIBLE,INFEASIBLE,,INFEASIBLE,INFEASIBLE,INFEASIBLE,INFEASIBLE,INFEASIBLE,INFEASIBLE,INFEASIBLE,INFEASIBLE,INFEASIBLE,INFEASIBLE,INFEASIBLE,INFEASIBLE,INFEASIBLE,INFEASIBLE,INFEASIBLE,INFEASIBLE,INFEASIBLE,INFEASIBLE,INFEASIBLE,INFEASIBLE,INFEASIBLE,INFEASIBLE,INFEASIBLE,INFEASIBLE,INFEASIBLE,no_trials_in_band
freeze,all_only,max_abs,1.0,0.0,budget_only,count,0.1,0.15,0.1,30,30,5,30,1.0,0.16666666666666666,1.0,0.9448275862068968,0.1850574712643678,4.566666666666666,0.5333333333333333,0.5333333333333333,0.0,0.5666666666666667,0.3,0.5666666666666667,0.3,0.03333333333333333,0.1,0.1,1.0,4.5,4.5,4.5,6.0,4.5,6.0,4.0,6.0,4.5,6.0,1.5,1.5,2.220689655172414,0.9448275862068968,0.1850574712643678,0.0025534175638902094,0.2714345833949225,0.9448275862068968,0.1850574712643678,0.0,0.0,0.0,0.0,0.0,OK,
freeze,all_only,pc_t2,INFEASIBLE,0.0,budget_only,count,INFEASIBLE,INFEASIBLE,INFEASIBLE,INFEASIBLE,INFEASIBLE,INFEASIBLE,INFEASIBLE,INFEASIBLE,INFEASIBLE,INFEASIBLE,INFEASIBLE,INFEASIBLE,INFEASIBLE,INFEASIBLE,INFEASIBLE,INFEASIBLE,INFEASIBLE,INFEASIBLE,INFEASIBLE,INFEASIBLE,INFEASIBLE,INFEASIBLE,INFEASIBLE,,INFEASIBLE,INFEASIBLE,INFEASIBLE,INFEASIBLE,INFEASIBLE,INFEASIBLE,INFEASIBLE,INFEASIBLE,INFEASIBLE,INFEASIBLE,INFEASIBLE,INFEASIBLE,INFEASIBLE,INFEASIBLE,INFEASIBLE,INFEASIBLE,INFEASIBLE,INFEASIBLE,INFEASIBLE,INFEASIBLE,INFEASIBLE,INFEASIBLE,INFEASIBLE,INFEASIBLE,INFEASIBLE,no_trials_in_band
freeze,all_only,res_energy,INFEASIBLE,0.0,budget_only,count,INFEASIBLE,INFEASIBLE,INFEASIBLE,INFEASIBLE,INFEASIBLE,INFEASIBLE,INFEASIBLE,INFEASIBLE,INFEASIBLE,INFEASIBLE,INFEASIBLE,INFEASIBLE,INFEASIBLE,INFEASIBLE,INFEASIBLE,INFEASIBLE,INFEASIBLE,INFEASIBLE,INFEASIBLE,INFEASIBLE,INFEASIBLE,INFEASIBLE,INFEASIBLE,,INFEASIBLE,INFEASIBLE,INFEASIBLE,INFEASIBLE,INFEASIBLE,INFEASIBLE,INFEASIBLE,INFEASIBLE,INFEASIBLE,INFEASIBLE,INFEASIBLE,INFEASIBLE,INFEASIBLE,INFEASIBLE,INFEASIBLE,INFEASIBLE,INFEASIBLE,INFEASIBLE,INFEASIBLE,INFEASIBLE,INFEASIBLE,INFEASIBLE,INFEASIBLE,INFEASIBLE,INFEASIBLE,no_trials_in_band
freeze,all_only,stale,1.0,0.0,budget_only,count,0.1,0.15,0.1,30,21,3,21,0.7,0.1,0.7,0.8275862068965518,0.1609195402298851,4.0,0.09523809523809523,0.09523809523809523,0.0,0.14285714285714285,0.14285714285714285,0.14285714285714285,0.14285714285714285,0.047619047619047616,0.14285714285714285,0.14285714285714285,1.0,6.0,6.0,6.0,6.0,6.0,6.0,6.0,6.0,6.0,6.0,1.0,1.0,1.931034482758621,0.8275862068965518,0.1609195402298851,0.14323636264887568,0.38095238095238093,0.8275862068965518,0.1609195402298851,0.0,0.0,0.0,0.0,0.0,OK,
freeze,full,T2,INFEASIBLE,0.0,budget_only,count,INFEASIBLE,INFEASIBLE,INFEASIBLE,INFEASIBLE,INFEASIBLE,INFEASIBLE,INFEASIBLE,INFEASIBLE,INFEASIBLE,INFEASIBLE,INFEASIBLE,INFEASIBLE,INFEASIBLE,INFEASIBLE,INFEASIBLE,INFEASIBLE,INFEASIBLE,INFEASIBLE,INFEASIBLE,INFEASIBLE,INFEASIBLE,INFEASIBLE,INFEASIBLE,,INFEASIBLE,INFEASIBLE,INFEASIBLE,INFEASIBLE,INFEASIBLE,INFEASIBLE,INFEASIBLE,INFEASIBLE,INFEASIBLE,INFEASIBLE,INFEASIBLE,INFEASIBLE,INFEASIBLE,INFEASIBLE,INFEASIBLE,INFEASIBLE,INFEASIBLE,INFEASIBLE,INFEASIBLE,INFEASIBLE,INFEASIBLE,INFEASIBLE,INFEASIBLE,INFEASIBLE,INFEASIBLE,no_trials_in_band
freeze,full,cusum_factor_cov_lrt,1.0,0.0,budget_only,count,0.1,0.15,0.1,30,30,0,30,1.0,0.0,1.0,1.117241379310345,0.2431034482758621,5.4,0.6666666666666666,0.6666666666666666,0.0,0.8666666666666667,0.4666666666666667,0.8666666666666667,0.4666666666666667,0.2,0.0,0.0,1.0,4.0,4.0,4.0,6.0,4.0,6.0,2.0,6.0,4.0,6.0,2.0,2.0,2.9172413793103447,1.117241379310345,0.2431034482758621,NA,0.539098060077221,1.117241379310345,0.2431034482758621,0.0,0.0,0.0,0.0,0.0,OK,
freeze,full,ewma_factor_cov_lrt,INFEASIBLE,0.0,budget_only,count,INFEASIBLE,INFEASIBLE,INFEASIBLE,INFEASIBLE,INFEASIBLE,INFEASIBLE,INFEASIBLE,INFEASIBLE,INFEASIBLE,INFEASIBLE,INFEASIBLE,INFEASIBLE,INFEASIBLE,INFEASIBLE,INFEASIBLE,INFEASIBLE,INFEASIBLE,INFEASIBLE,INFEASIBLE,INFEASIBLE,INFEASIBLE,INFEASIBLE,INFEASIBLE,,INFEASIBLE,INFEASIBLE,INFEASIBLE,INFEASIBLE,INFEASIBLE,INFEASIBLE,INFEASIBLE,INFEASIBLE,INFEASIBLE,INFEASIBLE,INFEASIBLE,INFEASIBLE,INFEASIBLE,INFEASIBLE,INFEASIBLE,INFEASIBLE,INFEASIBLE,INFEASIBLE,INFEASIBLE,INFEASIBLE,INFEASIBLE,INFEASIBLE,INFEASIBLE,INFEASIBLE,INFEASIBLE,no_trials_in_band
freeze,full,factor_cov_change,INFEASIBLE,0.0,budget_only,count,INFEASIBLE,INFEASIBLE,INFEASIBLE,INFEASIBLE,INFEASIBLE,INFEASIBLE,INFEASIBLE,INFEASIBLE,INFEASIBLE,INFEASIBLE,INFEASIBLE,INFEASIBLE,INFEASIBLE,INFEASIBLE,INFEASIBLE,INFEASIBLE,INFEASIBLE,INFEASIBLE,INFEASIBLE,INFEASIBLE,INFEASIBLE,INFEASIBLE,INFEASIBLE,,INFEASIBLE,INFEASIBLE,INFEASIBLE,INFEASIBLE,INFEASIBLE,INFEASIBLE,INFEASIBLE,INFEASIBLE,INFEASIBLE,INFEASIBLE,INFEASIBLE,INFEASIBLE,INFEASIBLE,INFEASIBLE,INFEASIBLE,INFEASIBLE,INFEASIBLE,INFEASIBLE,INFEASIBLE,INFEASIBLE,INFEASIBLE,INFEASIBLE,INFEASIBLE,INFEASIBLE,INFEASIBLE,no_trials_in_band
freeze,full,factor_cov_delta,INFEASIBLE,0.0,budget_only,count,INFEASIBLE,INFEASIBLE,INFEASIBLE,INFEASIBLE,INFEASIBLE,INFEASIBLE,INFEASIBLE,INFEASIBLE,INFEASIBLE,INFEASIBLE,INFEASIBLE,INFEASIBLE,INFEASIBLE,INFEASIBLE,INFEASIBLE,INFEASIBLE,INFEASIBLE,INFEASIBLE,INFEASIBLE,INFEASIBLE,INFEASIBLE,INFEASIBLE,INFEASIBLE,,INFEASIBLE,INFEASIBLE,INFEASIBLE,INFEASIBLE,INFEASIBLE,INFEASIBLE,INFEASIBLE,INFEASIBLE,INFEASIBLE,INFEASIBLE,INFEASIBLE,INFEASIBLE,INFEASIBLE,INFEASIBLE,INFEASIBLE,INFEASIBLE,INFEASIBLE,INFEASIBLE,INFEASIBLE,INFEASIBLE,INFEASIBLE,INFEASIBLE,INFEASIBLE,INFEASIBLE,INFEASIBLE,no_trials_in_band
freeze,full,factor_cov_lrt,INFEASIBLE,0.0,budget_only,count,INFEASIBLE,INFEASIBLE,INFEASIBLE,INFEASIBLE,INFEASIBLE,INFEASIBLE,INFEASIBLE,INFEASIBLE,INFEASIBLE,INFEASIBLE,INFEASIBLE,INFEASIBLE,INFEASIBLE,INFEASIBLE,INFEASIBLE,INFEASIBLE,INFEASIBLE,INFEASIBLE,INFEASIBLE,INFEASIBLE,INFEASIBLE,INFEASIBLE,INFEASIBLE,,INFEASIBLE,INFEASIBLE,INFEASIBLE,INFEASIBLE,INFEASIBLE,INFEASIBLE,INFEASIBLE,INFEASIBLE,INFEASIBLE,INFEASIBLE,INFEASIBLE,INFEASIBLE,INFEASIBLE,INFEASIBLE,INFEASIBLE,INFEASIBLE,INFEASIBLE,INFEASIBLE,INFEASIBLE,INFEASIBLE,INFEASIBLE,INFEASIBLE,INFEASIBLE,INFEASIBLE,INFEASIBLE,no_trials_in_band
freeze,full,factor_cov_lrt_delta,1.0,0.0,budget_only,count,0.1,0.15,0.1,30,3,3,3,0.1,0.1,0.1,1.2413793103448276,0.10344827586206896,6.0,1.0,1.0,0.0,1.0,1.0,1.0,1.0,0.0,0.0,0.0,1.0,0.0,0.0,0.0,0.8,0.0,0.8,0.0,0.8,0.0,0.8,0.0,0.0,1.2413793103448276,1.2413793103448276,0.10344827586206896,0.10806137345336027,0.25586028217882223,1.2413793103448276,0.10344827586206896,0.0,0.0,0.0,0.0,0.0,OK,
freeze,full,fused_fisher,INFEASIBLE,0.0,budget_only,count,INFEASIBLE,INFEASIBLE,INFEASIBLE,INFEASIBLE,INFEASIBLE,INFEASIBLE,INFEASIBLE,INFEASIBLE,INFEASIBLE,INFEASIBLE,INFEASIBLE,INFEASIBLE,INFEASIBLE,INFEASIBLE,INFEASIBLE,INFEASIBLE,INFEASIBLE,INFEASIBLE,INFEASIBLE,INFEASIBLE,INFEASIBLE,INFEASIBLE,INFEASIBLE,,INFEASIBLE,INFEASIBLE,INFEASIBLE,INFEASIBLE,INFEASIBLE,INFEASIBLE,INFEASIBLE,INFEASIBLE,INFEASIBLE,INFEASIBLE,INFEASIBLE,INFEASIBLE,INFEASIBLE,INFEASIBLE,INFEASIBLE,INFEASIBLE,INFEASIBLE,INFEASIBLE,INFEASIBLE,INFEASIBLE,INFEASIBLE,INFEASIBLE,INFEASIBLE,INFEASIBLE,INFEASIBLE,no_trials_in_band
freeze,full,fused_fisher_lrt_delta,INFEASIBLE,0.0,budget_only,count,INFEASIBLE,INFEASIBLE,INFEASIBLE,INFEASIBLE,INFEASIBLE,INFEASIBLE,INFEASIBLE,INFEASIBLE,INFEASIBLE,INFEASIBLE,INFEASIBLE,INFEASIBLE,INFEASIBLE,INFEASIBLE,INFEASIBLE,INFEASIBLE,INFEASIBLE,INFEASIBLE,INFEASIBLE,INFEASIBLE,INFEASIBLE,INFEASIBLE,INFEASIBLE,,INFEASIBLE,INFEASIBLE,INFEASIBLE,INFEASIBLE,INFEASIBLE,INFEASIBLE,INFEASIBLE,INFEASIBLE,INFEASIBLE,INFEASIBLE,INFEASIBLE,INFEASIBLE,INFEASIBLE,INFEASIBLE,INFEASIBLE,INFEASIBLE,INFEASIBLE,INFEASIBLE,INFEASIBLE,INFEASIBLE,INFEASIBLE,INFEASIBLE,INFEASIBLE,INFEASIBLE,INFEASIBLE,no_trials_in_band
freeze,full,fused_sp,1.0,0.0,budget_only,count,0.1,0.15,0.1,30,22,3,22,0.7333333333333333,0.1,0.7333333333333333,0.8275862068965517,0.17711598746081506,4.0,0.09090909090909091,0.09090909090909091,0.0,0.18181818181818182,0.18181818181818182,0.18181818181818182,0.18181818181818182,0.09090909090909091,0.13636363636363635,0.13636363636363635,1.0,6.0,6.0,6.0,6.0,6.0,6.0,6.0,6.0,6.0,6.0,1.0,1.0,2.1253918495297803,0.8275862068965517,0.17711598746081506,0.0012672024061031572,-0.09552799916781844,0.8275862068965517,0.17711598746081506,0.0,0.0,0.0,0.0,0.0,OK,
freeze,full,fused_sp_lrt_delta,1.0,0.0,budget_only,count,0.1,0.15,0.1,30,22,3,22,0.7333333333333333,0.1,0.7333333333333333,0.8275862068965517,0.17711598746081506,4.0,0.09090909090909091,0.09090909090909091,0.0,0.18181818181818182,0.18181818181818182,0.18181818181818182,0.18181818181818182,0.09090909090909091,0.13636363636363635,0.13636363636363635,1.0,6.0,6.0,6.0,6.0,6.0,6.0,6.0,6.0,6.0,6.0,1.0,1.0,2.1253918495297803,0.8275862068965517,0.17711598746081506,0.0008437043243919568,-0.19200262614738287,0.8275862068965517,0.17711598746081506,0.0,0.0,0.0,0.0,0.0,OK,
freeze,full,max_abs,INFEASIBLE,0.0,budget_only,count,INFEASIBLE,INFEASIBLE,INFEASIBLE,INFEASIBLE,INFEASIBLE,INFEASIBLE,INFEASIBLE,INFEASIBLE,INFEASIBLE,INFEASIBLE,INFEASIBLE,INFEASIBLE,INFEASIBLE,INFEASIBLE,INFEASIBLE,INFEASIBLE,INFEASIBLE,INFEASIBLE,INFEASIBLE,INFEASIBLE,INFEASIBLE,INFEASIBLE,INFEASIBLE,,INFEASIBLE,INFEASIBLE,INFEASIBLE,INFEASIBLE,INFEASIBLE,INFEASIBLE,INFEASIBLE,INFEASIBLE,INFEASIBLE,INFEASIBLE,INFEASIBLE,INFEASIBLE,INFEASIBLE,INFEASIBLE,INFEASIBLE,INFEASIBLE,INFEASIBLE,INFEASIBLE,INFEASIBLE,INFEASIBLE,INFEASIBLE,INFEASIBLE,INFEASIBLE,INFEASIBLE,INFEASIBLE,no_trials_in_band
freeze,full,pc_t2,INFEASIBLE,0.0,budget_only,count,INFEASIBLE,INFEASIBLE,INFEASIBLE,INFEASIBLE,INFEASIBLE,INFEASIBLE,INFEASIBLE,INFEASIBLE,INFEASIBLE,INFEASIBLE,INFEASIBLE,INFEASIBLE,INFEASIBLE,INFEASIBLE,INFEASIBLE,INFEASIBLE,INFEASIBLE,INFEASIBLE,INFEASIBLE,INFEASIBLE,INFEASIBLE,INFEASIBLE,INFEASIBLE,,INFEASIBLE,INFEASIBLE,INFEASIBLE,INFEASIBLE,INFEASIBLE,INFEASIBLE,INFEASIBLE,INFEASIBLE,INFEASIBLE,INFEASIBLE,INFEASIBLE,INFEASIBLE,INFEASIBLE,INFEASIBLE,INFEASIBLE,INFEASIBLE,INFEASIBLE,INFEASIBLE,INFEASIBLE,INFEASIBLE,INFEASIBLE,INFEASIBLE,INFEASIBLE,INFEASIBLE,INFEASIBLE,no_trials_in_band
freeze,full,res_energy,1.0,0.0,budget_only,count,0.1,0.15,0.1,30,21,2,21,0.7,0.06666666666666667,0.7,0.8275862068965518,0.21510673234811167,4.0,0.0,0.0,0.0,0.14285714285714285,0.14285714285714285,0.14285714285714285,0.14285714285714285,0.14285714285714285,0.09523809523809523,0.09523809523809523,1.0,6.0,6.0,6.0,6.0,6.0,6.0,6.0,6.0,6.0,6.0,NA,NA,2.5812807881773403,0.8275862068965518,0.21510673234811167,0.002870353218043605,-0.18367769106127427,0.8275862068965518,0.21510673234811167,0.0,0.0,0.0,0.0,0.0,OK,
freeze,full,stale,1.0,0.0,budget_only,count,0.1,0.15,0.1,30,20,3,20,0.6666666666666666,0.1,0.6666666666666666,0.8275862068965518,0.20603448275862069,4.0,0.15,0.15,0.0,0.35,0.2,0.35,0.2,0.2,0.05,0.05,1.0,6.0,6.0,6.0,6.0,6.0,6.0,6.0,6.0,6.0,6.0,2.0,2.0,2.472413793103448,0.8275862068965518,0.20603448275862069,0.38094473238117643,0.25,0.8275862068965518,0.20603448275862069,0.0,0.0,0.0,0.0,0.0,OK,
freeze,score_only,T2,1.0,0.0,budget_only,count,0.1,0.15,0.1,30,17,0,17,0.5666666666666667,0.0,0.5666666666666667,0.8275862068965518,0.24036511156186613,4.0,0.0,0.0,0.0,0.058823529411764705,0.058823529411764705,0.058823529411764705,0.058823529411764705,0.058823529411764705,0.0,0.0,1.0,6.0,6.0,6.0,6.0,6.0,6.0,6.0,6.0,6.0,6.0,NA,NA,2.8843813387423936,0.8275862068965518,0.24036511156186613,0.004218040779909174,-0.2831445497117516,0.8275862068965518,0.24036511156186613,0.0,0.0,0.0,0.0,0.0,OK,
freeze,score_only,coh_resid_energy,1.0,0.0,budget_only,count,0.1,0.15,0.1,30,30,6,30,1.0,0.2,1.0,0.9448275862068968,0.18448275862068966,4.566666666666666,0.4666666666666667,0.4666666666666667,0.0,0.5666666666666667,0.3,0.5666666666666667,0.3,0.1,0.2,0.2,1.0,6.0,6.0,6.0,6.0,6.0,6.0,4.5,6.0,6.0,6.0,2.0,2.0,2.213793103448276,0.9448275862068968,0.18448275862068966,0.005812958848677469,0.1761859526238502,0.9448275862068968,0.18448275862068966,0.0,0.0,0.0,0.0,0.0,OK,
freeze,score_only,coh_resid_t2,1.0,0.0,budget_only,count,0.1,0.15,0.1,30,30,3,30,1.0,0.1,1.0,0.9448275862068968,0.21839080459770113,4.566666666666666,0.43333333333333335,0.43333333333333335,0.0,0.5333333333333333,0.3333333333333333,0.5333333333333333,0.3333333333333333,0.16666666666666666,0.1,0.1,1.0,6.0,6.0,6.0,6.0,6.0,6.0,5.0,6.0,6.0,6.0,2.0,2.0,2.620689655172414,0.9448275862068968,0.21839080459770113,0.009085335885287798,0.11065944014105149,0.9448275862068968,0.21839080459770113,0.0,0.0,0.0,0.0,0.0,OK,
freeze,score_only,cusum_coh_resid_t2,1.0,0.0,budget_only,count,0.1,0.15,0.1,30,15,0,15,0.5,0.0,0.5,1.0482758620689658,0.21149425287356324,5.066666666666666,0.4666666666666667,0.4666666666666667,0.0,0.5333333333333333,0.3333333333333333,0.5333333333333333,0.3333333333333333,0.13333333333333333,0.0,0.0,1.0,6.0,6.0,6.0,6.0,6.0,6.0,4.0,6.0,6.0,6.0,3.0,3.0,2.537931034482759,1.0482758620689658,0.21149425287356324,NA,-0.21802114107046658,1.0482758620689658,0.21149425287356324,0.0,0.0,0.0,0.0,0.0,OK,
freeze,score_only,cusum_factor_cov_lrt,1.0,0.0,budget_only,count,0.1,0.15,0.1,30,28,0,28,0.9333333333333333,0.0,0.9333333333333333,1.1748768472906408,0.41379310344827586,5.678571428571429,0.5357142857142857,0.5357142857142857,0.0,1.0,0.7142857142857143,1.0,0.7142857142857143,0.5,0.0,0.0,1.0,5.0,5.0,5.0,6.0,5.0,6.0,0.0,3.3000000000000007,5.0,6.0,2.0,2.0,4.9655172413793105,1.1748768472906408,0.41379310344827586,NA,0.5042801340725613,1.1748768472906408,0.41379310344827586,0.0,0.0,0.0,0.0,0.0,OK,
freeze,score_only,ewma_coh_resid_t2,1.0,0.0,budget_only,count,0.1,0.15,0.1,30,30,0,30,1.0,0.0,1.0,0.9379310344827588,0.25114942528735623,4.533333333333333,0.4666666666666667,0.4666666666666667,0.0,0.5666666666666667,0.3,0.5666666666666667,0.3,0.13333333333333333,0.0,0.0,1.0,6.0,6.0,6.0,6.0,6.0,6.0,4.0,6.0,6.0,6.0,2.5,2.5,3.013793103448276,0.9379310344827588,0.25114942528735623,0.0074045382994429605,0.2084064600030109,0.9379310344827588,0.25114942528735623,0.0,0.0,0.0,0.0,0.0,OK,
freeze,score_only,ewma_factor_cov_lrt,INFEASIBLE,0.0,budget_only,count,INFEASIBLE,INFEASIBLE,INFEASIBLE,INFEASIBLE,INFEASIBLE,INFEASIBLE,INFEASIBLE,INFEASIBLE,INFEASIBLE,INFEASIBLE,INFEASIBLE,INFEASIBLE,INFEASIBLE,INFEASIBLE,INFEASIBLE,INFEASIBLE,INFEASIBLE,INFEASIBLE,INFEASIBLE,INFEASIBLE,INFEASIBLE,INFEASIBLE,INFEASIBLE,,INFEASIBLE,INFEASIBLE,INFEASIBLE,INFEASIBLE,INFEASIBLE,INFEASIBLE,INFEASIBLE,INFEASIBLE,INFEASIBLE,INFEASIBLE,INFEASIBLE,INFEASIBLE,INFEASIBLE,INFEASIBLE,INFEASIBLE,INFEASIBLE,INFEASIBLE,INFEASIBLE,INFEASIBLE,INFEASIBLE,INFEASIBLE,INFEASIBLE,INFEASIBLE,INFEASIBLE,INFEASIBLE,no_trials_in_band
freeze,score_only,factor_cov_change,INFEASIBLE,0.0,budget_only,count,INFEASIBLE,INFEASIBLE,INFEASIBLE,INFEASIBLE,INFEASIBLE,INFEASIBLE,INFEASIBLE,INFEASIBLE,INFEASIBLE,INFEASIBLE,INFEASIBLE,INFEASIBLE,INFEASIBLE,INFEASIBLE,INFEASIBLE,INFEASIBLE,INFEASIBLE,INFEASIBLE,INFEASIBLE,INFEASIBLE,INFEASIBLE,INFEASIBLE,INFEASIBLE,,INFEASIBLE,INFEASIBLE,INFEASIBLE,INFEASIBLE,INFEASIBLE,INFEASIBLE,INFEASIBLE,INFEASIBLE,INFEASIBLE,INFEASIBLE,INFEASIBLE,INFEASIBLE,INFEASIBLE,INFEASIBLE,INFEASIBLE,INFEASIBLE,INFEASIBLE,INFEASIBLE,INFEASIBLE,INFEASIBLE,INFEASIBLE,INFEASIBLE,INFEASIBLE,INFEASIBLE,INFEASIBLE,no_trials_in_band
freeze,score_only,factor_cov_delta,INFEASIBLE,0.0,budget_only,count,INFEASIBLE,INFEASIBLE,INFEASIBLE,INFEASIBLE,INFEASIBLE,INFEASIBLE,INFEASIBLE,INFEASIBLE,INFEASIBLE,INFEASIBLE,INFEASIBLE,INFEASIBLE,INFEASIBLE,INFEASIBLE,INFEASIBLE,INFEASIBLE,INFEASIBLE,INFEASIBLE,INFEASIBLE,INFEASIBLE,INFEASIBLE,INFEASIBLE,INFEASIBLE,,INFEASIBLE,INFEASIBLE,INFEASIBLE,INFEASIBLE,INFEASIBLE,INFEASIBLE,INFEASIBLE,INFEASIBLE,INFEASIBLE,INFEASIBLE,INFEASIBLE,INFEASIBLE,INFEASIBLE,INFEASIBLE,INFEASIBLE,INFEASIBLE,INFEASIBLE,INFEASIBLE,INFEASIBLE,INFEASIBLE,INFEASIBLE,INFEASIBLE,INFEASIBLE,INFEASIBLE,INFEASIBLE,no_trials_in_band
freeze,score_only,factor_cov_lrt,INFEASIBLE,0.0,budget_only,count,INFEASIBLE,INFEASIBLE,INFEASIBLE,INFEASIBLE,INFEASIBLE,INFEASIBLE,INFEASIBLE,INFEASIBLE,INFEASIBLE,INFEASIBLE,INFEASIBLE,INFEASIBLE,INFEASIBLE,INFEASIBLE,INFEASIBLE,INFEASIBLE,INFEASIBLE,INFEASIBLE,INFEASIBLE,INFEASIBLE,INFEASIBLE,INFEASIBLE,INFEASIBLE,,INFEASIBLE,INFEASIBLE,INFEASIBLE,INFEASIBLE,INFEASIBLE,INFEASIBLE,INFEASIBLE,INFEASIBLE,INFEASIBLE,INFEASIBLE,INFEASIBLE,INFEASIBLE,INFEASIBLE,INFEASIBLE,INFEASIBLE,INFEASIBLE,INFEASIBLE,INFEASIBLE,INFEASIBLE,INFEASIBLE,INFEASIBLE,INFEASIBLE,INFEASIBLE,INFEASIBLE,INFEASIBLE,no_trials_in_band
freeze,score_only,factor_cov_lrt_delta,1.0,0.0,budget_only,count,0.1,0.15,0.1,30,29,14,29,0.9666666666666667,0.4666666666666667,0.9666666666666667,0.963139120095125,0.15517241379310348,4.655172413793103,0.3793103448275862,0.3793103448275862,0.0,0.4827586206896552,0.20689655172413793,0.4827586206896552,0.20689655172413793,0.10344827586206896,0.20689655172413793,0.20689655172413793,1.0,6.0,6.0,6.0,6.0,6.0,6.0,6.0,6.0,6.0,6.0,2.0,2.0,1.8620689655172413,0.963139120095125,0.15517241379310348,0.06745701986861259,0.1479104250533393,0.963139120095125,0.15517241379310348,0.0,0.0,0.0,0.0,0.0,OK,
freeze,score_only,fused_fisher,1.0,0.0,budget_only,count,0.1,0.15,0.1,30,29,16,29,0.9666666666666667,0.5333333333333333,0.9666666666666667,0.9417360285374555,0.15219976218787157,4.551724137931035,0.4482758620689655,0.4482758620689655,0.0,0.5517241379310345,0.2413793103448276,0.5517241379310345,0.2413793103448276,0.10344827586206896,0.2413793103448276,0.2413793103448276,1.0,6.0,6.0,6.0,6.0,6.0,6.0,4.0,6.0,6.0,6.0,2.0,2.0,1.826397146254459,0.9417360285374555,0.15219976218787157,0.014124291027802834,0.020807211524706437,0.9417360285374555,0.15219976218787157,0.0,0.0,0.0,0.0,0.0,OK,
freeze,score_only,fused_fisher_lrt_delta,INFEASIBLE,0.0,budget_only,count,INFEASIBLE,INFEASIBLE,INFEASIBLE,INFEASIBLE,INFEASIBLE,INFEASIBLE,INFEASIBLE,INFEASIBLE,INFEASIBLE,INFEASIBLE,INFEASIBLE,INFEASIBLE,INFEASIBLE,INFEASIBLE,INFEASIBLE,INFEASIBLE,INFEASIBLE,INFEASIBLE,INFEASIBLE,INFEASIBLE,INFEASIBLE,INFEASIBLE,INFEASIBLE,,INFEASIBLE,INFEASIBLE,INFEASIBLE,INFEASIBLE,INFEASIBLE,INFEASIBLE,INFEASIBLE,INFEASIBLE,INFEASIBLE,INFEASIBLE,INFEASIBLE,INFEASIBLE,INFEASIBLE,INFEASIBLE,INFEASIBLE,INFEASIBLE,INFEASIBLE,INFEASIBLE,INFEASIBLE,INFEASIBLE,INFEASIBLE,INFEASIBLE,INFEASIBLE,INFEASIBLE,INFEASIBLE,no_trials_in_band
freeze,score_only,fused_sp,1.0,0.0,budget_only,count,0.1,0.15,0.1,30,21,1,21,0.7,0.03333333333333333,0.7,0.8275862068965518,0.21674876847290644,4.0,0.047619047619047616,0.047619047619047616,0.0,0.14285714285714285,0.09523809523809523,0.14285714285714285,0.09523809523809523,0.09523809523809523,0.0,0.0,1.0,6.0,6.0,6.0,6.0,6.0,6.0,6.0,6.0,6.0,6.0,2.0,2.0,2.600985221674877,0.8275862068965518,0.21674876847290644,0.0009348522216168422,-0.061097894573987226,0.8275862068965518,0.21674876847290644,0.0,0.0,0.0,0.0,0.0,OK,
freeze,score_only,fused_sp_lrt_delta,1.0,0.0,budget_only,count,0.1,0.15,0.1,30,21,1,21,0.7,0.03333333333333333,0.7,0.8275862068965518,0.2011494252873563,4.0,0.047619047619047616,0.047619047619047616,0.0,0.14285714285714285,0.09523809523809523,0.14285714285714285,0.09523809523809523,0.09523809523809523,0.0,0.0,1.0,6.0,6.0,6.0,6.0,6.0,6.0,6.0,6.0,6.0,6.0,2.0,2.0,2.4137931034482767,0.8275862068965518,0.2011494252873563,0.00128334224291084,-0.1583368941169393,0.8275862068965518,0.2011494252873563,0.0,0.0,0.0,0.0,0.0,OK,
freeze,score_only,max_abs,INFEASIBLE,0.0,budget_only,count,INFEASIBLE,INFEASIBLE,INFEASIBLE,INFEASIBLE,INFEASIBLE,INFEASIBLE,INFEASIBLE,INFEASIBLE,INFEASIBLE,INFEASIBLE,INFEASIBLE,INFEASIBLE,INFEASIBLE,INFEASIBLE,INFEASIBLE,INFEASIBLE,INFEASIBLE,INFEASIBLE,INFEASIBLE,INFEASIBLE,INFEASIBLE,INFEASIBLE,INFEASIBLE,,INFEASIBLE,INFEASIBLE,INFEASIBLE,INFEASIBLE,INFEASIBLE,INFEASIBLE,INFEASIBLE,INFEASIBLE,INFEASIBLE,INFEASIBLE,INFEASIBLE,INFEASIBLE,INFEASIBLE,INFEASIBLE,INFEASIBLE,INFEASIBLE,INFEASIBLE,INFEASIBLE,INFEASIBLE,INFEASIBLE,INFEASIBLE,INFEASIBLE,INFEASIBLE,INFEASIBLE,INFEASIBLE,no_trials_in_band
freeze,score_only,pc_t2,1.0,0.0,budget_only,count,0.1,0.15,0.1,30,19,1,19,0.6333333333333333,0.03333333333333333,0.6333333333333333,0.8275862068965518,0.20235934664246824,4.0,0.05263157894736842,0.05263157894736842,0.0,0.10526315789473684,0.05263157894736842,0.10526315789473684,0.05263157894736842,0.05263157894736842,0.0,0.0,1.0,6.0,6.0,6.0,6.0,6.0,6.0,6.0,6.0,6.0,6.0,2.0,2.0,2.4283121597096193,0.8275862068965518,0.20235934664246824,0.0016754501370672456,0.0863261602804421,0.8275862068965518,0.20235934664246824,0.0,0.0,0.0,0.0,0.0,OK,
freeze,score_only,res_energy,1.0,0.0,budget_only,count,0.1,0.15,0.1,30,21,1,21,0.7,0.03333333333333333,0.7,0.8275862068965518,0.21674876847290644,4.0,0.047619047619047616,0.047619047619047616,0.0,0.14285714285714285,0.09523809523809523,0.14285714285714285,0.09523809523809523,0.09523809523809523,0.0,0.0,1.0,6.0,6.0,6.0,6.0,6.0,6.0,6.0,6.0,6.0,6.0,2.0,2.0,2.600985221674877,0.8275862068965518,0.21674876847290644,0.004285766610755042,-0.18145518427190357,0.8275862068965518,0.21674876847290644,0.0,0.0,0.0,0.0,0.0,OK,
freeze,score_only,stale,INFEASIBLE,0.0,budget_only,count,INFEASIBLE,INFEASIBLE,INFEASIBLE,INFEASIBLE,INFEASIBLE,INFEASIBLE,INFEASIBLE,INFEASIBLE,INFEASIBLE,INFEASIBLE,INFEASIBLE,INFEASIBLE,INFEASIBLE,INFEASIBLE,INFEASIBLE,INFEASIBLE,INFEASIBLE,INFEASIBLE,INFEASIBLE,INFEASIBLE,INFEASIBLE,INFEASIBLE,INFEASIBLE,,INFEASIBLE,INFEASIBLE,INFEASIBLE,INFEASIBLE,INFEASIBLE,INFEASIBLE,INFEASIBLE,INFEASIBLE,INFEASIBLE,INFEASIBLE,INFEASIBLE,INFEASIBLE,INFEASIBLE,INFEASIBLE,INFEASIBLE,INFEASIBLE,INFEASIBLE,INFEASIBLE,INFEASIBLE,INFEASIBLE,INFEASIBLE,INFEASIBLE,INFEASIBLE,INFEASIBLE,INFEASIBLE,no_trials_in_band
