incident_regime_id,panel,detector,kind,attack_strength,budget,n_trials,contract_pass_full_rate,event_timely_sla_rate,budget_overshoot_rate,tiw_overshoot_rate,regime_start,regime_end
0,all_only,T2,corr_mix,0.0,1.0,6,0.8333333333333334,0.8333333333333334,0.0,0.0,2020-01-01,2022-12-01
0,all_only,T2,freeze,0.0,1.0,6,0.8333333333333334,0.8333333333333334,0.0,0.0,2020-01-01,2022-12-01
0,all_only,cusum_factor_cov_lrt,corr_mix,0.0,1.0,6,0.0,0.5,0.16666666666666666,1.0,2020-01-01,2022-12-01
0,all_only,cusum_factor_cov_lrt,freeze,0.0,1.0,6,0.0,0.5,0.16666666666666666,1.0,2020-01-01,2022-12-01
0,all_only,ewma_factor_cov_lrt,corr_mix,0.0,1.0,6,0.0,0.0,0.0,0.0,2020-01-01,2022-12-01
0,all_only,ewma_factor_cov_lrt,freeze,0.0,1.0,6,0.0,0.0,0.0,0.0,2020-01-01,2022-12-01
0,all_only,factor_cov_change,corr_mix,0.0,1.0,6,0.5,0.6666666666666666,0.0,0.5,2020-01-01,2022-12-01
0,all_only,factor_cov_change,freeze,0.0,1.0,6,0.5,0.6666666666666666,0.0,0.5,2020-01-01,2022-12-01
0,all_only,factor_cov_delta,corr_mix,0.0,1.0,6,0.5,0.6666666666666666,0.0,0.16666666666666666,2020-01-01,2022-12-01
0,all_only,factor_cov_delta,freeze,0.0,1.0,6,0.5,0.6666666666666666,0.0,0.16666666666666666,2020-01-01,2022-12-01
0,all_only,factor_cov_lrt,corr_mix,0.0,1.0,6,0.0,0.0,0.0,0.0,2020-01-01,2022-12-01
0,all_only,factor_cov_lrt,freeze,0.0,1.0,6,0.0,0.0,0.0,0.0,2020-01-01,2022-12-01
0,all_only,factor_cov_lrt_delta,corr_mix,0.0,1.0,6,0.5,0.5,0.0,0.0,2020-01-01,2022-12-01
0,all_only,factor_cov_lrt_delta,freeze,0.0,1.0,6,0.5,0.5,0.0,0.0,2020-01-01,2022-12-01
0,all_only,fused_fisher,corr_mix,0.0,1.0,6,0.5,0.5,0.0,0.16666666666666666,2020-01-01,2022-12-01
0,all_only,fused_fisher,freeze,0.0,1.0,6,0.5,0.5,0.0,0.16666666666666666,2020-01-01,2022-12-01
0,all_only,fused_fisher_lrt_delta,corr_mix,0.0,1.0,6,0.5,0.5,0.0,0.0,2020-01-01,2022-12-01
0,all_only,fused_fisher_lrt_delta,freeze,0.0,1.0,6,0.5,0.5,0.0,0.0,2020-01-01,2022-12-01
0,all_only,fused_sp,corr_mix,0.0,1.0,6,0.5,0.5,0.0,0.0,2020-01-01,2022-12-01
0,all_only,fused_sp,freeze,0.0,1.0,6,0.5,0.5,0.0,0.0,2020-01-01,2022-12-01
0,all_only,fused_sp_lrt_delta,corr_mix,0.0,1.0,6,0.5,0.5,0.0,0.0,2020-01-01,2022-12-01
0,all_only,fused_sp_lrt_delta,freeze,0.0,1.0,6,0.5,0.5,0.0,0.0,2020-01-01,2022-12-01
0,all_only,max_abs,corr_mix,0.0,1.0,6,0.5,0.6666666666666666,0.0,0.16666666666666666,2020-01-01,2022-12-01
0,all_only,max_abs,freeze,0.0,1.0,6,0.5,0.6666666666666666,0.0,0.16666666666666666,2020-01-01,2022-12-01
0,all_only,pc_t2,corr_mix,0.0,1.0,6,0.3333333333333333,0.3333333333333333,0.0,0.3333333333333333,2020-01-01,2022-12-01
0,all_only,pc_t2,freeze,0.0,1.0,6,0.3333333333333333,0.3333333333333333,0.0,0.3333333333333333,2020-01-01,2022-12-01
0,all_only,res_energy,corr_mix,0.0,1.0,6,1.0,1.0,0.0,0.0,2020-01-01,2022-12-01
0,all_only,res_energy,freeze,0.0,1.0,6,1.0,1.0,0.0,0.0,2020-01-01,2022-12-01
0,all_only,stale,corr_mix,0.0,1.0,6,0.3333333333333333,0.3333333333333333,0.0,0.6666666666666666,2020-01-01,2022-12-01
0,all_only,stale,freeze,0.0,1.0,6,0.3333333333333333,0.3333333333333333,0.0,0.6666666666666666,2020-01-01,2022-12-01
0,full,T2,corr_mix,0.0,1.0,6,0.6666666666666666,0.6666666666666666,0.0,0.0,2020-01-01,2022-12-01
0,full,T2,freeze,0.0,1.0,6,0.6666666666666666,0.6666666666666666,0.0,0.0,2020-01-01,2022-12-01
0,full,cusum_factor_cov_lrt,corr_mix,0.0,1.0,6,0.0,0.16666666666666666,0.16666666666666666,1.0,2020-01-01,2022-12-01
0,full,cusum_factor_cov_lrt,freeze,0.0,1.0,6,0.0,0.16666666666666666,0.16666666666666666,1.0,2020-01-01,2022-12-01
0,full,ewma_factor_cov_lrt,corr_mix,0.0,1.0,6,0.16666666666666666,0.16666666666666666,0.0,0.6666666666666666,2020-01-01,2022-12-01
0,full,ewma_factor_cov_lrt,freeze,0.0,1.0,6,0.16666666666666666,0.16666666666666666,0.0,0.6666666666666666,2020-01-01,2022-12-01
0,full,factor_cov_change,corr_mix,0.0,1.0,6,0.5,0.5,0.0,0.0,2020-01-01,2022-12-01
0,full,factor_cov_change,freeze,0.0,1.0,6,0.5,0.5,0.0,0.0,2020-01-01,2022-12-01
0,full,factor_cov_delta,corr_mix,0.0,1.0,6,0.5,0.6666666666666666,0.0,0.16666666666666666,2020-01-01,2022-12-01
0,full,factor_cov_delta,freeze,0.0,1.0,6,0.5,0.6666666666666666,0.0,0.16666666666666666,2020-01-01,2022-12-01
0,full,factor_cov_lrt,corr_mix,0.0,1.0,6,0.16666666666666666,0.16666666666666666,0.0,0.0,2020-01-01,2022-12-01
0,full,factor_cov_lrt,freeze,0.0,1.0,6,0.16666666666666666,0.16666666666666666,0.0,0.0,2020-01-01,2022-12-01
0,full,factor_cov_lrt_delta,corr_mix,0.0,1.0,6,0.0,0.16666666666666666,1.0,0.0,2020-01-01,2022-12-01
0,full,factor_cov_lrt_delta,freeze,0.0,1.0,6,0.0,0.16666666666666666,1.0,0.0,2020-01-01,2022-12-01
0,full,fused_fisher,corr_mix,0.0,1.0,6,0.8333333333333334,0.8333333333333334,0.0,0.0,2020-01-01,2022-12-01
0,full,fused_fisher,freeze,0.0,1.0,6,0.8333333333333334,0.8333333333333334,0.0,0.0,2020-01-01,2022-12-01
0,full,fused_fisher_lrt_delta,corr_mix,0.0,1.0,6,1.0,1.0,0.0,0.0,2020-01-01,2022-12-01
0,full,fused_fisher_lrt_delta,freeze,0.0,1.0,6,1.0,1.0,0.0,0.0,2020-01-01,2022-12-01
0,full,fused_sp,corr_mix,0.0,1.0,6,1.0,1.0,0.0,0.0,2020-01-01,2022-12-01
0,full,fused_sp,freeze,0.0,1.0,6,1.0,1.0,0.0,0.0,2020-01-01,2022-12-01
0,full,fused_sp_lrt_delta,corr_mix,0.0,1.0,6,1.0,1.0,0.0,0.0,2020-01-01,2022-12-01
0,full,fused_sp_lrt_delta,freeze,0.0,1.0,6,1.0,1.0,0.0,0.0,2020-01-01,2022-12-01
0,full,max_abs,corr_mix,0.0,1.0,6,0.16666666666666666,0.5,0.0,0.6666666666666666,2020-01-01,2022-12-01
0,full,max_abs,freeze,0.0,1.0,6,0.16666666666666666,0.5,0.0,0.6666666666666666,2020-01-01,2022-12-01
0,full,pc_t2,corr_mix,0.0,1.0,6,0.8333333333333334,0.8333333333333334,0.0,0.0,2020-01-01,2022-12-01
0,full,pc_t2,freeze,0.0,1.0,6,0.8333333333333334,0.8333333333333334,0.0,0.0,2020-01-01,2022-12-01
0,full,res_energy,corr_mix,0.0,1.0,6,0.6666666666666666,1.0,0.0,0.3333333333333333,2020-01-01,2022-12-01
0,full,res_energy,freeze,0.0,1.0,6,0.6666666666666666,1.0,0.0,0.3333333333333333,2020-01-01,2022-12-01
0,full,stale,corr_mix,0.0,1.0,6,0.0,0.0,0.0,1.0,2020-01-01,2022-12-01
0,full,stale,freeze,0.0,1.0,6,0.0,0.0,0.0,1.0,2020-01-01,2022-12-01
0,score_only,T2,corr_mix,0.0,1.0,6,0.0,0.8333333333333334,0.0,1.0,2020-01-01,2022-12-01
0,score_only,T2,freeze,0.0,1.0,6,0.0,0.8333333333333334,0.0,1.0,2020-01-01,2022-12-01
0,score_only,coh_resid_energy,corr_mix,0.0,1.0,6,1.0,1.0,0.0,0.0,2020-01-01,2022-12-01
0,score_only,coh_resid_energy,freeze,0.0,1.0,6,1.0,1.0,0.0,0.0,2020-01-01,2022-12-01
0,score_only,coh_resid_t2,corr_mix,0.0,1.0,6,0.5,1.0,0.0,0.5,2020-01-01,2022-12-01
0,score_only,coh_resid_t2,freeze,0.0,1.0,6,0.5,1.0,0.0,0.5,2020-01-01,2022-12-01
0,score_only,cusum_coh_resid_t2,corr_mix,0.0,1.0,6,0.0,1.0,1.0,1.0,2020-01-01,2022-12-01
0,score_only,cusum_coh_resid_t2,freeze,0.0,1.0,6,0.0,1.0,1.0,1.0,2020-01-01,2022-12-01
0,score_only,cusum_factor_cov_lrt,corr_mix,0.0,1.0,6,0.0,0.3333333333333333,1.0,1.0,2020-01-01,2022-12-01
0,score_only,cusum_factor_cov_lrt,freeze,0.0,1.0,6,0.0,0.3333333333333333,1.0,1.0,2020-01-01,2022-12-01
0,score_only,ewma_coh_resid_t2,corr_mix,0.0,1.0,6,0.0,1.0,0.0,1.0,2020-01-01,2022-12-01
0,score_only,ewma_coh_resid_t2,freeze,0.0,1.0,6,0.0,1.0,0.0,1.0,2020-01-01,2022-12-01
0,score_only,ewma_factor_cov_lrt,corr_mix,0.0,1.0,6,0.3333333333333333,0.3333333333333333,0.0,0.0,2020-01-01,2022-12-01
0,score_only,ewma_factor_cov_lrt,freeze,0.0,1.0,6,0.3333333333333333,0.3333333333333333,0.0,0.0,2020-01-01,2022-12-01
0,score_only,factor_cov_change,corr_mix,0.0,1.0,6,0.5,0.5,0.0,0.16666666666666666,2020-01-01,2022-12-01
0,score_only,factor_cov_change,freeze,0.0,1.0,6,0.5,0.5,0.0,0.16666666666666666,2020-01-01,2022-12-01
0,score_only,factor_cov_delta,corr_mix,0.0,1.0,6,0.5,0.6666666666666666,0.0,0.16666666666666666,2020-01-01,2022-12-01
0,score_only,factor_cov_delta,freeze,0.0,1.0,6,0.5,0.6666666666666666,0.0,0.16666666666666666,2020-01-01,2022-12-01
0,score_only,factor_cov_lrt,corr_mix,0.0,1.0,6,0.3333333333333333,0.3333333333333333,0.0,0.0,2020-01-01,2022-12-01
0,score_only,factor_cov_lrt,freeze,0.0,1.0,6,0.3333333333333333,0.3333333333333333,0.0,0.0,2020-01-01,2022-12-01
0,score_only,factor_cov_lrt_delta,corr_mix,0.0,1.0,6,0.5,0.5,0.0,0.0,2020-01-01,2022-12-01
0,score_only,factor_cov_lrt_delta,freeze,0.0,1.0,6,0.5,0.5,0.0,0.0,2020-01-01,2022-12-01
0,score_only,fused_fisher,corr_mix,0.0,1.0,6,0.8333333333333334,0.8333333333333334,0.0,0.16666666666666666,2020-01-01,2022-12-01
0,score_only,fused_fisher,freeze,0.0,1.0,6,0.8333333333333334,0.8333333333333334,0.0,0.16666666666666666,2020-01-01,2022-12-01
0,score_only,fused_fisher_lrt_delta,corr_mix,0.0,1.0,6,1.0,1.0,0.0,0.0,2020-01-01,2022-12-01
0,score_only,fused_fisher_lrt_delta,freeze,0.0,1.0,6,1.0,1.0,0.0,0.0,2020-01-01,2022-12-01
0,score_only,fused_sp,corr_mix,0.0,1.0,6,0.16666666666666666,0.5,0.0,0.6666666666666666,2020-01-01,2022-12-01
0,score_only,fused_sp,freeze,0.0,1.0,6,0.16666666666666666,0.5,0.0,0.6666666666666666,2020-01-01,2022-12-01
0,score_only,fused_sp_lrt_delta,corr_mix,0.0,1.0,6,0.5,0.5,0.0,0.0,2020-01-01,2022-12-01
0,score_only,fused_sp_lrt_delta,freeze,0.0,1.0,6,0.5,0.5,0.0,0.0,2020-01-01,2022-12-01
0,score_only,max_abs,corr_mix,0.0,1.0,6,0.16666666666666666,0.8333333333333334,0.0,0.8333333333333334,2020-01-01,2022-12-01
0,score_only,max_abs,freeze,0.0,1.0,6,0.16666666666666666,0.8333333333333334,0.0,0.8333333333333334,2020-01-01,2022-12-01
0,score_only,pc_t2,corr_mix,0.0,1.0,6,0.8333333333333334,0.8333333333333334,0.0,0.0,2020-01-01,2022-12-01
0,score_only,pc_t2,freeze,0.0,1.0,6,0.8333333333333334,0.8333333333333334,0.0,0.0,2020-01-01,2022-12-01
0,score_only,res_energy,corr_mix,0.0,1.0,6,0.16666666666666666,0.5,0.0,0.6666666666666666,2020-01-01,2022-12-01
0,score_only,res_energy,freeze,0.0,1.0,6,0.16666666666666666,0.5,0.0,0.6666666666666666,2020-01-01,2022-12-01
0,score_only,stale,corr_mix,0.0,1.0,6,0.0,0.0,0.0,1.0,2020-01-01,2022-12-01
0,score_only,stale,freeze,0.0,1.0,6,0.0,0.0,0.0,1.0,2020-01-01,2022-12-01
1,all_only,T2,corr_mix,0.0,1.0,4,0.25,0.5,0.0,0.75,2021-01-01,2023-12-01
1,all_only,T2,freeze,0.0,1.0,4,0.25,0.5,0.0,0.75,2021-01-01,2023-12-01
1,all_only,cusum_factor_cov_lrt,corr_mix,0.0,1.0,4,0.0,0.75,0.0,1.0,2021-01-01,2023-12-01
1,all_only,cusum_factor_cov_lrt,freeze,0.0,1.0,4,0.0,0.75,0.0,1.0,2021-01-01,2023-12-01
1,all_only,ewma_factor_cov_lrt,corr_mix,0.0,1.0,4,0.75,0.75,0.0,0.0,2021-01-01,2023-12-01
1,all_only,ewma_factor_cov_lrt,freeze,0.0,1.0,4,0.75,0.75,0.0,0.0,2021-01-01,2023-12-01
1,all_only,factor_cov_change,corr_mix,0.0,1.0,4,0.0,0.5,0.0,1.0,2021-01-01,2023-12-01
1,all_only,factor_cov_change,freeze,0.0,1.0,4,0.0,0.5,0.0,1.0,2021-01-01,2023-12-01
1,all_only,factor_cov_delta,corr_mix,0.0,1.0,4,0.5,0.75,0.0,0.5,2021-01-01,2023-12-01
1,all_only,factor_cov_delta,freeze,0.0,1.0,4,0.5,0.75,0.0,0.5,2021-01-01,2023-12-01
1,all_only,factor_cov_lrt,corr_mix,0.0,1.0,4,0.75,0.75,0.0,0.0,2021-01-01,2023-12-01
1,all_only,factor_cov_lrt,freeze,0.0,1.0,4,0.75,0.75,0.0,0.0,2021-01-01,2023-12-01
1,all_only,factor_cov_lrt_delta,corr_mix,0.0,1.0,4,0.5,0.5,0.0,0.0,2021-01-01,2023-12-01
1,all_only,factor_cov_lrt_delta,freeze,0.0,1.0,4,0.5,0.5,0.0,0.0,2021-01-01,2023-12-01
1,all_only,fused_fisher,corr_mix,0.0,1.0,4,0.5,0.75,0.0,0.5,2021-01-01,2023-12-01
1,all_only,fused_fisher,freeze,0.0,1.0,4,0.5,0.75,0.0,0.5,2021-01-01,2023-12-01
1,all_only,fused_fisher_lrt_delta,corr_mix,0.0,1.0,4,0.25,0.25,0.0,0.0,2021-01-01,2023-12-01
1,all_only,fused_fisher_lrt_delta,freeze,0.0,1.0,4,0.25,0.25,0.0,0.0,2021-01-01,2023-12-01
1,all_only,fused_sp,corr_mix,0.0,1.0,4,0.5,0.5,0.0,0.0,2021-01-01,2023-12-01
1,all_only,fused_sp,freeze,0.0,1.0,4,0.5,0.5,0.0,0.0,2021-01-01,2023-12-01
1,all_only,fused_sp_lrt_delta,corr_mix,0.0,1.0,4,0.25,0.25,0.0,0.0,2021-01-01,2023-12-01
1,all_only,fused_sp_lrt_delta,freeze,0.0,1.0,4,0.25,0.25,0.0,0.0,2021-01-01,2023-12-01
1,all_only,max_abs,corr_mix,0.0,1.0,4,0.0,0.5,0.0,1.0,2021-01-01,2023-12-01
1,all_only,max_abs,freeze,0.0,1.0,4,0.0,0.5,0.0,1.0,2021-01-01,2023-12-01
1,all_only,pc_t2,corr_mix,0.0,1.0,4,0.0,0.5,0.0,1.0,2021-01-01,2023-12-01
1,all_only,pc_t2,freeze,0.0,1.0,4,0.0,0.5,0.0,1.0,2021-01-01,2023-12-01
1,all_only,res_energy,corr_mix,0.0,1.0,4,0.5,0.75,0.0,0.5,2021-01-01,2023-12-01
1,all_only,res_energy,freeze,0.0,1.0,4,0.5,0.75,0.0,0.5,2021-01-01,2023-12-01
1,all_only,stale,corr_mix,0.0,1.0,4,0.0,0.0,0.0,1.0,2021-01-01,2023-12-01
1,all_only,stale,freeze,0.0,1.0,4,0.0,0.0,0.0,1.0,2021-01-01,2023-12-01
1,full,T2,corr_mix,0.0,1.0,4,0.0,0.5,0.0,1.0,2021-01-01,2023-12-01
1,full,T2,freeze,0.0,1.0,4,0.0,0.5,0.0,1.0,2021-01-01,2023-12-01
1,full,cusum_factor_cov_lrt,corr_mix,0.0,1.0,4,0.0,0.75,1.0,1.0,2021-01-01,2023-12-01
1,full,cusum_factor_cov_lrt,freeze,0.0,1.0,4,0.0,0.75,1.0,1.0,2021-01-01,2023-12-01
1,full,ewma_factor_cov_lrt,corr_mix,0.0,1.0,4,0.75,0.75,0.0,0.25,2021-01-01,2023-12-01
1,full,ewma_factor_cov_lrt,freeze,0.0,1.0,4,0.75,0.75,0.0,0.25,2021-01-01,2023-12-01
1,full,factor_cov_change,corr_mix,0.0,1.0,4,0.5,0.75,0.0,0.5,2021-01-01,2023-12-01
1,full,factor_cov_change,freeze,0.0,1.0,4,0.5,0.75,0.0,0.5,2021-01-01,2023-12-01
1,full,factor_cov_delta,corr_mix,0.0,1.0,4,0.5,0.75,0.0,0.5,2021-01-01,2023-12-01
1,full,factor_cov_delta,freeze,0.0,1.0,4,0.5,0.75,0.0,0.5,2021-01-01,2023-12-01
1,full,factor_cov_lrt,corr_mix,0.0,1.0,4,0.75,0.75,0.0,0.0,2021-01-01,2023-12-01
1,full,factor_cov_lrt,freeze,0.0,1.0,4,0.75,0.75,0.0,0.0,2021-01-01,2023-12-01
1,full,factor_cov_lrt_delta,corr_mix,0.0,1.0,4,0.0,0.25,1.0,0.0,2021-01-01,2023-12-01
1,full,factor_cov_lrt_delta,freeze,0.0,1.0,4,0.0,0.25,1.0,0.0,2021-01-01,2023-12-01
1,full,fused_fisher,corr_mix,0.0,1.0,4,0.5,0.5,0.0,0.5,2021-01-01,2023-12-01
1,full,fused_fisher,freeze,0.0,1.0,4,0.5,0.5,0.0,0.5,2021-01-01,2023-12-01
1,full,fused_fisher_lrt_delta,corr_mix,0.0,1.0,4,0.0,0.5,0.0,1.0,2021-01-01,2023-12-01
1,full,fused_fisher_lrt_delta,freeze,0.0,1.0,4,0.0,0.5,0.0,1.0,2021-01-01,2023-12-01
1,full,fused_sp,corr_mix,0.0,1.0,4,0.25,0.5,0.0,0.75,2021-01-01,2023-12-01
1,full,fused_sp,freeze,0.0,1.0,4,0.25,0.5,0.0,0.75,2021-01-01,2023-12-01
1,full,fused_sp_lrt_delta,corr_mix,0.0,1.0,4,0.25,0.5,0.0,0.75,2021-01-01,2023-12-01
1,full,fused_sp_lrt_delta,freeze,0.0,1.0,4,0.25,0.5,0.0,0.75,2021-01-01,2023-12-01
1,full,max_abs,corr_mix,0.0,1.0,4,0.25,0.75,0.0,0.75,2021-01-01,2023-12-01
1,full,max_abs,freeze,0.0,1.0,4,0.25,0.75,0.0,0.75,2021-01-01,2023-12-01
1,full,pc_t2,corr_mix,0.0,1.0,4,0.25,0.5,0.0,0.75,2021-01-01,2023-12-01
1,full,pc_t2,freeze,0.0,1.0,4,0.25,0.5,0.0,0.75,2021-01-01,2023-12-01
1,full,res_energy,corr_mix,0.0,1.0,4,0.0,0.5,0.0,1.0,2021-01-01,2023-12-01
1,full,res_energy,freeze,0.0,1.0,4,0.0,0.5,0.0,1.0,2021-01-01,2023-12-01
1,full,stale,corr_mix,0.0,1.0,4,0.0,0.0,0.0,1.0,2021-01-01,2023-12-01
1,full,stale,freeze,0.0,1.0,4,0.0,0.0,0.0,1.0,2021-01-01,2023-12-01
1,score_only,T2,corr_mix,0.0,1.0,4,0.0,0.75,0.0,1.0,2021-01-01,2023-12-01
1,score_only,T2,freeze,0.0,1.0,4,0.0,0.75,0.0,1.0,2021-01-01,2023-12-01
1,score_only,coh_resid_energy,corr_mix,0.0,1.0,4,0.0,0.5,0.0,1.0,2021-01-01,2023-12-01
1,score_only,coh_resid_energy,freeze,0.0,1.0,4,0.0,0.5,0.0,1.0,2021-01-01,2023-12-01
1,score_only,coh_resid_t2,corr_mix,0.0,1.0,4,0.0,0.5,0.0,1.0,2021-01-01,2023-12-01
1,score_only,coh_resid_t2,freeze,0.0,1.0,4,0.0,0.5,0.0,1.0,2021-01-01,2023-12-01
1,score_only,cusum_coh_resid_t2,corr_mix,0.0,1.0,4,0.0,0.25,1.0,1.0,2021-01-01,2023-12-01
1,score_only,cusum_coh_resid_t2,freeze,0.0,1.0,4,0.0,0.25,1.0,1.0,2021-01-01,2023-12-01
1,score_only,cusum_factor_cov_lrt,corr_mix,0.0,1.0,4,0.0,1.0,0.5,1.0,2021-01-01,2023-12-01
1,score_only,cusum_factor_cov_lrt,freeze,0.0,1.0,4,0.0,1.0,0.5,1.0,2021-01-01,2023-12-01
1,score_only,ewma_coh_resid_t2,corr_mix,0.0,1.0,4,0.0,0.25,0.0,1.0,2021-01-01,2023-12-01
1,score_only,ewma_coh_resid_t2,freeze,0.0,1.0,4,0.0,0.25,0.0,1.0,2021-01-01,2023-12-01
1,score_only,ewma_factor_cov_lrt,corr_mix,0.0,1.0,4,0.75,0.75,0.0,0.25,2021-01-01,2023-12-01
1,score_only,ewma_factor_cov_lrt,freeze,0.0,1.0,4,0.75,0.75,0.0,0.25,2021-01-01,2023-12-01
1,score_only,factor_cov_change,corr_mix,0.0,1.0,4,0.5,0.75,0.0,0.5,2021-01-01,2023-12-01
1,score_only,factor_cov_change,freeze,0.0,1.0,4,0.5,0.75,0.0,0.5,2021-01-01,2023-12-01
1,score_only,factor_cov_delta,corr_mix,0.0,1.0,4,0.5,0.75,0.0,0.5,2021-01-01,2023-12-01
1,score_only,factor_cov_delta,freeze,0.0,1.0,4,0.5,0.75,0.0,0.5,2021-01-01,2023-12-01
1,score_only,factor_cov_lrt,corr_mix,0.0,1.0,4,0.5,0.5,0.0,0.0,2021-01-01,2023-12-01
1,score_only,factor_cov_lrt,freeze,0.0,1.0,4,0.5,0.5,0.0,0.0,2021-01-01,2023-12-01
1,score_only,factor_cov_lrt_delta,corr_mix,0.0,1.0,4,0.75,0.75,0.0,0.0,2021-01-01,2023-12-01
1,score_only,factor_cov_lrt_delta,freeze,0.0,1.0,4,0.75,0.75,0.0,0.0,2021-01-01,2023-12-01
1,score_only,fused_fisher,corr_mix,0.0,1.0,4,0.25,0.25,0.0,0.5,2021-01-01,2023-12-01
1,score_only,fused_fisher,freeze,0.0,1.0,4,0.25,0.25,0.0,0.5,2021-01-01,2023-12-01
1,score_only,fused_fisher_lrt_delta,corr_mix,0.0,1.0,4,0.0,0.5,0.0,1.0,2021-01-01,2023-12-01
1,score_only,fused_fisher_lrt_delta,freeze,0.0,1.0,4,0.0,0.5,0.0,1.0,2021-01-01,2023-12-01
1,score_only,fused_sp,corr_mix,0.0,1.0,4,0.0,0.5,0.0,1.0,2021-01-01,2023-12-01
1,score_only,fused_sp,freeze,0.0,1.0,4,0.0,0.5,0.0,1.0,2021-01-01,2023-12-01
1,score_only,fused_sp_lrt_delta,corr_mix,0.0,1.0,4,0.0,0.5,0.0,1.0,2021-01-01,2023-12-01
1,score_only,fused_sp_lrt_delta,freeze,0.0,1.0,4,0.0,0.5,0.0,1.0,2021-01-01,2023-12-01
1,score_only,max_abs,corr_mix,0.0,1.0,4,0.25,0.75,0.0,0.75,2021-01-01,2023-12-01
1,score_only,max_abs,freeze,0.0,1.0,4,0.25,0.75,0.0,0.75,2021-01-01,2023-12-01
1,score_only,pc_t2,corr_mix,0.0,1.0,4,0.0,0.5,0.0,1.0,2021-01-01,2023-12-01
1,score_only,pc_t2,freeze,0.0,1.0,4,0.0,0.5,0.0,1.0,2021-01-01,2023-12-01
1,score_only,res_energy,corr_mix,0.0,1.0,4,0.0,0.5,0.0,1.0,2021-01-01,2023-12-01
1,score_only,res_energy,freeze,0.0,1.0,4,0.0,0.5,0.0,1.0,2021-01-01,2023-12-01
1,score_only,stale,corr_mix,0.0,1.0,4,0.0,0.0,0.0,1.0,2021-01-01,2023-12-01
1,score_only,stale,freeze,0.0,1.0,4,0.0,0.0,0.0,1.0,2021-01-01,2023-12-01
2,all_only,T2,corr_mix,0.0,1.0,20,0.0,0.0,0.0,1.0,2022-01-01,2024-12-01
2,all_only,T2,freeze,0.0,1.0,20,0.0,0.0,0.0,1.0,2022-01-01,2024-12-01
2,all_only,cusum_factor_cov_lrt,corr_mix,0.0,1.0,20,0.0,0.6,0.05,1.0,2022-01-01,2024-12-01
2,all_only,cusum_factor_cov_lrt,freeze,0.0,1.0,20,0.0,0.6,0.05,1.0,2022-01-01,2024-12-01
2,all_only,ewma_factor_cov_lrt,corr_mix,0.0,1.0,20,0.0,0.0,0.0,0.0,2022-01-01,2024-12-01
2,all_only,ewma_factor_cov_lrt,freeze,0.0,1.0,20,0.0,0.0,0.0,0.0,2022-01-01,2024-12-01
2,all_only,factor_cov_change,corr_mix,0.0,1.0,20,0.0,0.0,0.0,1.0,2022-01-01,2024-12-01
2,all_only,factor_cov_change,freeze,0.0,1.0,20,0.0,0.0,0.0,1.0,2022-01-01,2024-12-01
2,all_only,factor_cov_delta,corr_mix,0.0,1.0,20,0.0,0.0,0.0,1.0,2022-01-01,2024-12-01
2,all_only,factor_cov_delta,freeze,0.0,1.0,20,0.0,0.0,0.0,1.0,2022-01-01,2024-12-01
2,all_only,factor_cov_lrt,corr_mix,0.0,1.0,20,0.0,0.0,0.0,0.0,2022-01-01,2024-12-01
2,all_only,factor_cov_lrt,freeze,0.0,1.0,20,0.0,0.0,0.0,0.0,2022-01-01,2024-12-01
2,all_only,factor_cov_lrt_delta,corr_mix,0.0,1.0,20,0.0,0.0,0.0,0.0,2022-01-01,2024-12-01
2,all_only,factor_cov_lrt_delta,freeze,0.0,1.0,20,0.0,0.0,0.0,0.0,2022-01-01,2024-12-01
2,all_only,fused_fisher,corr_mix,0.0,1.0,20,0.0,0.0,0.0,1.0,2022-01-01,2024-12-01
2,all_only,fused_fisher,freeze,0.0,1.0,20,0.0,0.0,0.0,1.0,2022-01-01,2024-12-01
2,all_only,fused_fisher_lrt_delta,corr_mix,0.0,1.0,20,0.0,0.0,0.0,0.0,2022-01-01,2024-12-01
2,all_only,fused_fisher_lrt_delta,freeze,0.0,1.0,20,0.0,0.0,0.0,0.0,2022-01-01,2024-12-01
2,all_only,fused_sp,corr_mix,0.0,1.0,20,0.0,0.0,0.0,0.0,2022-01-01,2024-12-01
2,all_only,fused_sp,freeze,0.0,1.0,20,0.0,0.0,0.0,0.0,2022-01-01,2024-12-01
2,all_only,fused_sp_lrt_delta,corr_mix,0.0,1.0,20,0.0,0.0,0.0,0.0,2022-01-01,2024-12-01
2,all_only,fused_sp_lrt_delta,freeze,0.0,1.0,20,0.0,0.0,0.0,0.0,2022-01-01,2024-12-01
2,all_only,max_abs,corr_mix,0.0,1.0,20,0.0,0.15,0.0,1.0,2022-01-01,2024-12-01
2,all_only,max_abs,freeze,0.0,1.0,20,0.0,0.15,0.0,1.0,2022-01-01,2024-12-01
2,all_only,pc_t2,corr_mix,0.0,1.0,20,0.0,0.05,0.0,1.0,2022-01-01,2024-12-01
2,all_only,pc_t2,freeze,0.0,1.0,20,0.0,0.05,0.0,1.0,2022-01-01,2024-12-01
2,all_only,res_energy,corr_mix,0.0,1.0,20,0.0,0.0,0.0,1.0,2022-01-01,2024-12-01
2,all_only,res_energy,freeze,0.0,1.0,20,0.0,0.0,0.0,1.0,2022-01-01,2024-12-01
2,all_only,stale,corr_mix,0.0,1.0,20,0.3,0.3,0.0,0.5,2022-01-01,2024-12-01
2,all_only,stale,freeze,0.0,1.0,20,0.3,0.3,0.0,0.5,2022-01-01,2024-12-01
2,full,T2,corr_mix,0.0,1.0,20,0.0,0.05,0.0,1.0,2022-01-01,2024-12-01
2,full,T2,freeze,0.0,1.0,20,0.0,0.05,0.0,1.0,2022-01-01,2024-12-01
2,full,cusum_factor_cov_lrt,corr_mix,0.0,1.0,20,0.0,0.5,0.5,1.0,2022-01-01,2024-12-01
2,full,cusum_factor_cov_lrt,freeze,0.0,1.0,20,0.0,0.5,0.5,1.0,2022-01-01,2024-12-01
2,full,ewma_factor_cov_lrt,corr_mix,0.0,1.0,20,0.0,0.0,0.0,1.0,2022-01-01,2024-12-01
2,full,ewma_factor_cov_lrt,freeze,0.0,1.0,20,0.0,0.0,0.0,1.0,2022-01-01,2024-12-01
2,full,factor_cov_change,corr_mix,0.0,1.0,20,0.0,0.0,0.0,1.0,2022-01-01,2024-12-01
2,full,factor_cov_change,freeze,0.0,1.0,20,0.0,0.0,0.0,1.0,2022-01-01,2024-12-01
2,full,factor_cov_delta,corr_mix,0.0,1.0,20,0.0,0.0,0.0,1.0,2022-01-01,2024-12-01
2,full,factor_cov_delta,freeze,0.0,1.0,20,0.0,0.0,0.0,1.0,2022-01-01,2024-12-01
2,full,factor_cov_lrt,corr_mix,0.0,1.0,20,0.0,0.0,0.0,0.0,2022-01-01,2024-12-01
2,full,factor_cov_lrt,freeze,0.0,1.0,20,0.0,0.0,0.0,0.0,2022-01-01,2024-12-01
2,full,factor_cov_lrt_delta,corr_mix,0.0,1.0,20,0.0,0.2,1.0,0.0,2022-01-01,2024-12-01
2,full,factor_cov_lrt_delta,freeze,0.0,1.0,20,0.0,0.2,1.0,0.0,2022-01-01,2024-12-01
2,full,fused_fisher,corr_mix,0.0,1.0,20,0.0,0.0,0.0,1.0,2022-01-01,2024-12-01
2,full,fused_fisher,freeze,0.0,1.0,20,0.0,0.0,0.0,1.0,2022-01-01,2024-12-01
2,full,fused_fisher_lrt_delta,corr_mix,0.0,1.0,20,0.0,0.0,0.0,1.0,2022-01-01,2024-12-01
2,full,fused_fisher_lrt_delta,freeze,0.0,1.0,20,0.0,0.0,0.0,1.0,2022-01-01,2024-12-01
2,full,fused_sp,corr_mix,0.0,1.0,20,0.0,0.0,0.0,1.0,2022-01-01,2024-12-01
2,full,fused_sp,freeze,0.0,1.0,20,0.0,0.0,0.0,1.0,2022-01-01,2024-12-01
2,full,fused_sp_lrt_delta,corr_mix,0.0,1.0,20,0.0,0.0,0.0,1.0,2022-01-01,2024-12-01
2,full,fused_sp_lrt_delta,freeze,0.0,1.0,20,0.0,0.0,0.0,1.0,2022-01-01,2024-12-01
2,full,max_abs,corr_mix,0.0,1.0,20,0.0,0.0,0.0,1.0,2022-01-01,2024-12-01
2,full,max_abs,freeze,0.0,1.0,20,0.0,0.0,0.0,1.0,2022-01-01,2024-12-01
2,full,pc_t2,corr_mix,0.0,1.0,20,0.0,0.0,0.0,1.0,2022-01-01,2024-12-01
2,full,pc_t2,freeze,0.0,1.0,20,0.0,0.0,0.0,1.0,2022-01-01,2024-12-01
2,full,res_energy,corr_mix,0.0,1.0,20,0.0,0.0,0.0,1.0,2022-01-01,2024-12-01
2,full,res_energy,freeze,0.0,1.0,20,0.0,0.0,0.0,1.0,2022-01-01,2024-12-01
2,full,stale,corr_mix,0.0,1.0,20,0.15,0.55,0.0,0.75,2022-01-01,2024-12-01
2,full,stale,freeze,0.0,1.0,20,0.15,0.55,0.0,0.75,2022-01-01,2024-12-01
2,score_only,T2,corr_mix,0.0,1.0,20,0.0,0.05,0.0,1.0,2022-01-01,2024-12-01
2,score_only,T2,freeze,0.0,1.0,20,0.0,0.05,0.0,1.0,2022-01-01,2024-12-01
2,score_only,coh_resid_energy,corr_mix,0.0,1.0,20,0.0,0.05,0.0,1.0,2022-01-01,2024-12-01
2,score_only,coh_resid_energy,freeze,0.0,1.0,20,0.0,0.05,0.0,1.0,2022-01-01,2024-12-01
2,score_only,coh_resid_t2,corr_mix,0.0,1.0,20,0.0,0.1,0.0,1.0,2022-01-01,2024-12-01
2,score_only,coh_resid_t2,freeze,0.0,1.0,20,0.0,0.1,0.0,1.0,2022-01-01,2024-12-01
2,score_only,cusum_coh_resid_t2,corr_mix,0.0,1.0,20,0.0,0.45,0.3,1.0,2022-01-01,2024-12-01
2,score_only,cusum_coh_resid_t2,freeze,0.0,1.0,20,0.0,0.45,0.3,1.0,2022-01-01,2024-12-01
2,score_only,cusum_factor_cov_lrt,corr_mix,0.0,1.0,20,0.0,0.75,0.7,1.0,2022-01-01,2024-12-01
2,score_only,cusum_factor_cov_lrt,freeze,0.0,1.0,20,0.0,0.75,0.7,1.0,2022-01-01,2024-12-01
2,score_only,ewma_coh_resid_t2,corr_mix,0.0,1.0,20,0.0,0.1,0.0,1.0,2022-01-01,2024-12-01
2,score_only,ewma_coh_resid_t2,freeze,0.0,1.0,20,0.0,0.1,0.0,1.0,2022-01-01,2024-12-01
2,score_only,ewma_factor_cov_lrt,corr_mix,0.0,1.0,20,0.0,0.0,0.0,1.0,2022-01-01,2024-12-01
2,score_only,ewma_factor_cov_lrt,freeze,0.0,1.0,20,0.0,0.0,0.0,1.0,2022-01-01,2024-12-01
2,score_only,factor_cov_change,corr_mix,0.0,1.0,20,0.0,0.0,0.0,1.0,2022-01-01,2024-12-01
2,score_only,factor_cov_change,freeze,0.0,1.0,20,0.0,0.0,0.0,1.0,2022-01-01,2024-12-01
2,score_only,factor_cov_delta,corr_mix,0.0,1.0,20,0.0,0.0,0.0,1.0,2022-01-01,2024-12-01
2,score_only,factor_cov_delta,freeze,0.0,1.0,20,0.0,0.0,0.0,1.0,2022-01-01,2024-12-01
2,score_only,factor_cov_lrt,corr_mix,0.0,1.0,20,0.0,0.0,0.0,0.0,2022-01-01,2024-12-01
2,score_only,factor_cov_lrt,freeze,0.0,1.0,20,0.0,0.0,0.0,0.0,2022-01-01,2024-12-01
2,score_only,factor_cov_lrt_delta,corr_mix,0.0,1.0,20,0.05,0.05,0.0,0.75,2022-01-01,2024-12-01
2,score_only,factor_cov_lrt_delta,freeze,0.0,1.0,20,0.05,0.05,0.0,0.75,2022-01-01,2024-12-01
2,score_only,fused_fisher,corr_mix,0.0,1.0,20,0.1,0.1,0.0,0.5,2022-01-01,2024-12-01
2,score_only,fused_fisher,freeze,0.0,1.0,20,0.1,0.1,0.0,0.5,2022-01-01,2024-12-01
2,score_only,fused_fisher_lrt_delta,corr_mix,0.0,1.0,20,0.0,0.0,0.0,1.0,2022-01-01,2024-12-01
2,score_only,fused_fisher_lrt_delta,freeze,0.0,1.0,20,0.0,0.0,0.0,1.0,2022-01-01,2024-12-01
2,score_only,fused_sp,corr_mix,0.0,1.0,20,0.0,0.0,0.0,1.0,2022-01-01,2024-12-01
2,score_only,fused_sp,freeze,0.0,1.0,20,0.0,0.0,0.0,1.0,2022-01-01,2024-12-01
2,score_only,fused_sp_lrt_delta,corr_mix,0.0,1.0,20,0.0,0.0,0.0,1.0,2022-01-01,2024-12-01
2,score_only,fused_sp_lrt_delta,freeze,0.0,1.0,20,0.0,0.0,0.0,1.0,2022-01-01,2024-12-01
2,score_only,max_abs,corr_mix,0.0,1.0,20,0.0,0.0,0.0,1.0,2022-01-01,2024-12-01
2,score_only,max_abs,freeze,0.0,1.0,20,0.0,0.0,0.0,1.0,2022-01-01,2024-12-01
2,score_only,pc_t2,corr_mix,0.0,1.0,20,0.0,0.05,0.0,1.0,2022-01-01,2024-12-01
2,score_only,pc_t2,freeze,0.0,1.0,20,0.0,0.05,0.0,1.0,2022-01-01,2024-12-01
2,score_only,res_energy,corr_mix,0.0,1.0,20,0.0,0.0,0.0,1.0,2022-01-01,2024-12-01
2,score_only,res_energy,freeze,0.0,1.0,20,0.0,0.0,0.0,1.0,2022-01-01,2024-12-01
2,score_only,stale,corr_mix,0.0,1.0,20,0.4,0.4,0.0,0.55,2022-01-01,2024-12-01
2,score_only,stale,freeze,0.0,1.0,20,0.4,0.4,0.0,0.55,2022-01-01,2024-12-01
